INSERT INTO `bigtree_callouts` (`id`, `name`, `description`, `display_default`, `display_field`, `resources`, `level`, `position`) VALUES (X'666C657869626C652D63616C6C6F7574', X'466C657869626C652043616C6C6F7574', X'', X'466C657869626C65', X'7469746C65', X'5B7B226964223A227469746C65222C227469746C65223A225469746C65222C227375627469746C65223A22222C2274797065223A2274657874227D2C7B226964223A22696D616765222C227469746C65223A22496D616765222C227375627469746C65223A22286D696E696D756D207769647468206F6620343735707829222C2274797065223A2275706C6F6164222C22696D616765223A226F6E222C226D696E5F7769647468223A22343735222C226D696E5F686569676874223A22222C22707265766965775F707265666978223A22222C22726574696E61223A226F6E222C227468756D6273223A7B2231223A7B22707265666978223A22222C227769647468223A22343735222C22686569676874223A22222C22677261797363616C65223A22227D7D7D2C7B226964223A2263617074696F6E222C227469746C65223A22496D6167652043617074696F6E222C227375627469746C65223A22222C2274797065223A2274657874227D2C7B226964223A226465736372697074696F6E222C227469746C65223A224465736372697074696F6E222C227375627469746C65223A22222C2274797065223A2268746D6C222C2273696D706C65223A226F6E227D2C7B226964223A226C696E6B222C227469746C65223A224C696E6B222C227375627469746C65223A2228696E636C75646520687474703A5C2F5C2F29222C2274797065223A2274657874222C2276616C69646174696F6E223A22222C227375625F74797065223A2277656273697465227D2C7B226964223A226C696E6B5F7469746C65222C227469746C65223A224C696E6B205469746C65222C227375627469746C65223A222864656661756C747320746F202671756F743B52656164204D6F72652671756F743B29222C2274797065223A2274657874227D5D', 0, 0), (X'74776974746572', X'547769747465722043616C6C6F7574', X'', X'', X'74696D656C696E65', X'5B7B226964223A2274696D656C696E65222C227469746C65223A225477697474657220557365726E616D65222C227375627469746C65223A22222C2274797065223A2274657874227D2C7B226964223A227175657279222C227469746C65223A225477697474657220536561726368222C227375627469746C65223A22286F766572726964657320757365726E616D6529222C2274797065223A2274657874227D5D', 0, 0);

INSERT INTO `bigtree_field_types` (`id`, `name`, `pages`, `modules`, `callouts`, `settings`) VALUES (X'696D6167652D636F6C6F722D73616D706C65', X'496D61676520436F6C6F722053616D706C65', X'', X'6F6E', X'', X'');

INSERT INTO `bigtree_module_groups` (`id`, `name`, `route`, `position`) VALUES (1, X'486F6D65', X'686F6D65', 3), (2, X'426C6F67', X'626C6F67', 2), (3, X'476C6F7373617279', X'676C6F7373617279', 1);

INSERT INTO `bigtree_modules` (`id`, `group`, `name`, `route`, `class`, `icon`, `gbp`, `position`) VALUES (1, 1, X'4665617475726573', X'73616D706C652D6665617475726573', X'53616D706C654665617475726573', X'70696374757265', X'7B226E616D65223A22222C227461626C65223A22222C226F746865725F7461626C65223A22227D', 0), (7, 2, X'506F737473', X'6274782D646F67776F6F642D626C6F67', X'425458446F67776F6F64', X'', X'7B22656E61626C6564223A226F6E222C226E616D65223A22417574686F72222C227461626C65223A226274785F646F67776F6F645F706F737473222C2267726F75705F6669656C64223A22617574686F72222C226F746865725F7461626C65223A226274785F646F67776F6F645F617574686F7273222C227469746C655F6669656C64223A226E616D65227D', 0), (8, 2, X'417574686F7273', X'6274782D646F67776F6F642D617574686F7273', X'', X'', X'7B226E616D65223A22222C227461626C65223A22222C226F746865725F7461626C65223A22227D', 0), (9, 2, X'43617465676F72696573', X'6274782D646F67776F6F642D63617465676F72696573', X'', X'', X'7B226E616D65223A22222C227461626C65223A22222C226F746865725F7461626C65223A22227D', 0), (10, 3, X'5465726D73', X'73616D706C652D676C6F7373617279', X'53616D706C65476C6F7373617279', X'', X'7B226E616D65223A22222C227461626C65223A22222C226F746865725F7461626C65223A22227D', 0);

INSERT INTO `bigtree_module_actions` (`id`, `module`, `name`, `route`, `in_nav`, `form`, `view`, `class`, `level`, `position`) VALUES (4, 1, X'56696577204665617475726573', X'', X'6F6E', 0, 1, X'6C697374', 0, 0), (5, 1, X'4164642046656174757265', X'616464', X'6F6E', 1, 0, X'616464', 0, 0), (6, 1, X'456469742046656174757265', X'65646974', X'', 1, 0, X'65646974', 0, 0), (7, 7, X'5669657720506F737473', X'', X'6F6E', 0, 3, X'6C697374', 0, 0), (8, 7, X'41646420506F7374', X'616464', X'6F6E', 3, 0, X'616464', 0, 0), (9, 7, X'4564697420506F7374', X'65646974', X'', 3, 0, X'65646974', 0, 0), (10, 7, X'53657474696E6773', X'73657474696E6773', X'6F6E', 0, 0, X'7365747570', 0, 0), (11, 8, X'5669657720417574686F7273', X'', X'6F6E', 0, 4, X'6C697374', 0, 0), (12, 8, X'41646420417574686F72', X'616464', X'6F6E', 5, 0, X'616464', 0, 0), (13, 8, X'4564697420417574686F72', X'65646974', X'', 5, 0, X'65646974', 0, 0), (14, 9, X'566965772043617465676F72696573', X'', X'6F6E', 0, 5, X'6C697374', 0, 0), (15, 9, X'4164642043617465676F7279', X'616464', X'6F6E', 7, 0, X'616464', 0, 0), (16, 9, X'456469742043617465676F7279', X'65646974', X'', 7, 0, X'65646974', 0, 0), (17, 10, X'56696577205465726D73', X'', X'6F6E', 0, 6, X'6C697374', 0, 0), (18, 10, X'416464205465726D', X'616464', X'6F6E', 8, 0, X'616464', 0, 0), (19, 10, X'45646974205465726D', X'65646974', X'', 8, 0, X'65646974', 0, 0);

INSERT INTO `bigtree_module_forms` (`id`, `title`, `preprocess`, `callback`, `table`, `fields`, `positioning`, `default_position`) VALUES (1, X'46656174757265', X'', X'', X'73616D706C655F6665617475726573', X'7B22696D616765223A7B226469726563746F7279223A2266696C65735C2F66656174757265735C2F222C22696D616765223A226F6E222C226D696E5F7769647468223A2231343030222C226D696E5F686569676874223A22363235222C22707265766965775F707265666978223A22745F222C2263726F7073223A5B7B22707265666978223A22786C72675F222C227769647468223A2231343030222C22686569676874223A22363235222C227468756D6273223A7B2234223A7B22707265666978223A22745F222C227769647468223A22323030222C22686569676874223A22227D7D7D5D2C2274797065223A2275706C6F6164222C227469746C65223A22496D616765222C227375627469746C65223A22286D696E696D756D2073697A65206F6620313430307836323529227D2C226261636B67726F756E64223A7B22736F75726365223A22696D616765222C2274797065223A22696D6167652D636F6C6F722D73616D706C65222C227469746C65223A224261636B67726F756E64222C227375627469746C65223A22227D2C227469746C65223A7B2274797065223A2274657874222C227469746C65223A225469746C65222C227375627469746C65223A22227D2C226465736372697074696F6E223A7B2274797065223A227465787461726561222C227469746C65223A224465736372697074696F6E222C227375627469746C65223A22227D2C226C696E6B223A7B2274797065223A2274657874222C227469746C65223A224C696E6B222C227375627469746C65223A22496E636C7564696E672027687474703A5C2F5C2F27227D2C22696D6167655F637265646974223A7B2274797065223A227465787461726561222C227469746C65223A22496D61676520437265646974222C227375627469746C65223A22227D2C22696D6167655F6C696E6B223A7B2274797065223A2274657874222C227469746C65223A22496D616765204C696E6B222C227375627469746C65223A22496E636C7564696E672027687474703A5C2F5C2F27227D7D', X'', X'426F74746F6D'), (3, X'506F7374', X'425458446F67776F6F643A3A757064617465506F7374437573746F6D417574686F72', X'', X'6274785F646F67776F6F645F706F737473', X'7B22617574686F72223A7B226C6973745F74797065223A226462222C22616C6C6F772D656D707479223A22596573222C226C697374223A5B7B2276616C7565223A22222C226465736372697074696F6E223A22227D2C7B2276616C7565223A22222C226465736372697074696F6E223A22227D5D2C22706F702D7461626C65223A226274785F646F67776F6F645F617574686F7273222C22706F702D6465736372697074696F6E223A226E616D65222C22706F702D736F7274223A226E616D6520415343222C2274797065223A226C697374222C227469746C65223A22417574686F72222C227375627469746C65223A22227D2C2264617465223A7B2264656661756C745F746F646179223A226F6E222C2274797065223A2264617465222C227469746C65223A2244617465222C227375627469746C65223A22227D2C227469746C65223A7B227469746C65223A225469746C65222C227375627469746C65223A22222C2274797065223A2274657874227D2C22626C757262223A7B227469746C65223A22426C757262222C227375627469746C65223A22222C2274797065223A2268746D6C227D2C22636F6E74656E74223A7B227469746C65223A2246756C6C20506F7374222C227375627469746C65223A22222C2274797065223A2268746D6C227D2C22696D616765223A7B226469726563746F7279223A22696D616765735C2F646F67776F6F645C2F222C22696D616765223A226F6E222C226D696E5F7769647468223A22333030222C226D696E5F686569676874223A22333030222C22707265766965775F707265666978223A227468756D625F222C2263726F7073223A5B7B22707265666978223A22222C227769647468223A22333030222C22686569676874223A22333030222C227468756D6273223A7B2231223A7B22707265666978223A227468756D625F222C227769647468223A22323030222C22686569676874223A22227D7D7D5D2C2274797065223A2275706C6F6164222C227469746C65223A22496D616765222C227375627469746C65223A222863726F707320746F203330307833303029227D2C2263617074696F6E223A7B227469746C65223A2243617074696F6E222C227375627469746C65223A22222C2274797065223A2274657874227D2C226D746D5F31223A7B226D746D2D636F6E6E656374696E672D7461626C65223A226274785F646F67776F6F645F706F73745F63617465676F72696573222C226D746D2D6D792D6964223A22706F7374222C226D746D2D6F746865722D6964223A2263617465676F7279222C226D746D2D6F746865722D7461626C65223A226274785F646F67776F6F645F63617465676F72696573222C226D746D2D6F746865722D64657363726970746F72223A227469746C65222C226D746D2D736F7274223A227469746C6520415343222C226D746D2D6C6973742D706172736572223A22222C2274797065223A226D616E795F746F5F6D616E79222C227469746C65223A2243617465676F72696573222C227375627469746C65223A22227D2C2265787465726E616C5F6C696E6B223A7B227469746C65223A2245787465726E616C204C696E6B222C227375627469746C65223A22286966207468697320626C6F6720706F7374206973206A7573742061206C696E6B20746F20616E6F74686572207369746529222C2274797065223A2274657874227D2C227075626C6973685F64617465223A7B227469746C65223A225075626C69636174696F6E2044617465222C227375627469746C65223A22286C6561766520626C616E6B20746F206265636F6D65206C69766520696D6D6564696174656C7929222C2274797065223A2264617465227D2C22726F757465223A7B22736F75726365223A227469746C65222C226B6565705F6F726967696E616C223A226F6E222C2274797065223A22726F757465222C227469746C65223A22526F757465222C227375627469746C65223A22227D7D', X'', X''), (5, X'417574686F72', X'', X'', X'6274785F646F67776F6F645F617574686F7273', X'7B2275736572223A7B2276616C69646174696F6E223A227265717569726564222C226C6973745F74797065223A226462222C22616C6C6F772D656D707479223A22596573222C22706F702D7461626C65223A22626967747265655F7573657273222C22706F702D6465736372697074696F6E223A226E616D65222C22706F702D736F7274223A226E616D6520415343222C2274797065223A226C697374222C227469746C65223A22426967547265652055736572222C227375627469746C65223A22227D2C226E616D65223A7B2276616C69646174696F6E223A227265717569726564222C227375625F74797065223A22222C2274797065223A2274657874222C227469746C65223A224E616D65222C227375627469746C65223A22227D2C227469746C65223A7B2274797065223A2274657874222C227469746C65223A225469746C65222C227375627469746C65223A22227D2C2262696F677261706879223A7B227469746C65223A2242696F677261706879222C227375627469746C65223A22222C2274797065223A2268746D6C227D2C22696D616765223A7B226469726563746F7279223A22696D616765735C2F646F67776F6F645C2F222C22696D616765223A226F6E222C226D696E5F7769647468223A22323030222C226D696E5F686569676874223A22323030222C22707265766965775F707265666978223A22222C2263726F7073223A5B7B22707265666978223A22222C227769647468223A22323030222C22686569676874223A22323030222C227468756D6273223A7B2231223A7B22707265666978223A22736D5F222C227769647468223A223630222C22686569676874223A223630227D7D7D5D2C2274797065223A2275706C6F6164222C227469746C65223A22496D616765222C227375627469746C65223A222863726F707320746F203230307832303029227D2C2274776974746572223A7B227469746C65223A225477697474657220557365726E616D65222C227375627469746C65223A22286F7074696F6E616C29222C2274797065223A2274657874227D2C22726F757465223A7B22736F75726365223A226E616D65222C226B6565705F6F726967696E616C223A226F6E222C2274797065223A22726F757465222C227469746C65223A22526F757465222C227375627469746C65223A22227D7D', X'', X'426F74746F6D'), (7, X'43617465676F7279', X'', X'', X'6274785F646F67776F6F645F63617465676F72696573', X'7B227469746C65223A7B227469746C65223A225469746C65222C227375627469746C65223A22222C2274797065223A2274657874227D2C22726F757465223A7B22736F75726365223A227469746C65222C226B6565705F6F726967696E616C223A226F6E222C2274797065223A22726F757465222C227469746C65223A22526F757465222C227375627469746C65223A22227D7D', X'', X'426F74746F6D'), (8, X'5465726D', X'', X'', X'73616D706C655F676C6F7373617279', X'7B227465726D223A7B227469746C65223A225465726D222C227375627469746C65223A22222C2274797065223A2274657874227D2C226465736372697074696F6E223A7B227469746C65223A224465736372697074696F6E222C227375627469746C65223A22222C2274797065223A227465787461726561227D2C22726F757465223A7B22736F75726365223A227465726D222C2274797065223A22726F757465222C227469746C65223A22526F757465222C227375627469746C65223A22227D7D', X'', X'');

INSERT INTO `bigtree_module_views` (`id`, `title`, `description`, `type`, `table`, `fields`, `options`, `actions`, `suffix`, `preview_url`) VALUES (1, X'4665617475726573', X'', X'696D61676573', X'73616D706C655F6665617475726573', X'7B22696D616765223A7B227769647468223A22363832222C227469746C65223A22496D616765222C22706172736572223A22227D7D', X'7B22647261676761626C65223A226F6E222C22707265666978223A22745F222C22696D616765223A22696D616765227D', X'7B22617070726F7665223A226F6E222C2265646974223A226F6E222C2264656C657465223A226F6E227D', X'', X''), (3, X'506F737473', X'', X'73656172636861626C65', X'6274785F646F67776F6F645F706F737473', X'7B22617574686F72223A7B227469746C65223A22417574686F72222C22706172736572223A22246666203D2073716C66657463682873716C7175657279285C2253454C454354202A2046524F4D206274785F646F67776F6F645F617574686F7273205748455245206964203D20272476616C7565275C2229293B202476616C7565203D202466665B5C226E616D655C225D3B227D2C2264617465223A7B227469746C65223A2244617465222C22706172736572223A22227D2C227469746C65223A7B227469746C65223A225469746C65222C22706172736572223A22227D7D', X'6E756C6C', X'7B2266656174757265223A226F6E222C2265646974223A226F6E222C2264656C657465223A226F6E227D', X'', X'69706C3A2F2F322F2F57794A77636D563261575633496C303D'), (4, X'417574686F7273', X'', X'647261676761626C65', X'6274785F646F67776F6F645F617574686F7273', X'7B226E616D65223A7B227469746C65223A224E616D65222C22706172736572223A22222C227769647468223A3734347D7D', X'', X'7B2265646974223A226F6E222C2264656C657465223A226F6E227D', X'', X''), (5, X'43617465676F72696573', X'', X'647261676761626C65', X'6274785F646F67776F6F645F63617465676F72696573', X'7B227469746C65223A7B227469746C65223A225469746C65222C22706172736572223A22222C227769647468223A3734347D7D', X'', X'7B2265646974223A226F6E222C2264656C657465223A226F6E227D', X'', X''), (6, X'5465726D73', X'', X'73656172636861626C65', X'73616D706C655F676C6F7373617279', X'7B227465726D223A7B227469746C65223A225465726D222C22706172736572223A22222C227769647468223A22323035227D2C226465736372697074696F6E223A7B227469746C65223A224465736372697074696F6E222C22706172736572223A22222C227769647468223A22343537227D7D', X'7B22736F7274223A227465726D20415343222C227065725F70616765223A223135222C2266696C746572223A22227D', X'7B22617070726F7665223A226F6E222C2265646974223A226F6E222C2264656C657465223A226F6E227D', X'', X'');

DELETE FROM `bigtree_pages`;
ALTER TABLE `bigtree_pages` AUTO_INCREMENT = 1;
INSERT INTO `bigtree_pages` (`id`, `trunk`, `parent`, `in_nav`, `nav_title`, `route`, `path`, `title`, `meta_keywords`, `meta_description`, `template`, `external`, `new_window`, `resources`, `callouts`, `archived`, `archived_inherited`, `publish_at`, `expire_at`, `max_age`, `last_edited_by`, `ga_page_views`, `position`, `created_at`, `updated_at`) VALUES (0, X'', -1, X'', X'5472656573206F66204C617267652053697A6573', X'', X'', X'5472656573206F66204C617267652053697A6573', X'', X'', X'686F6D65', X'', X'', X'5B5D', X'5B7B227469746C65223A224D722E20542043616E2043686F7020446F776E2032302054726565732050657220486F7572222C22696D616765223A227B737461746963726F6F747D66696C65735C2F70616765735C2F776F6F645F677261696E2E6A7067222C2263617074696F6E223A224279204A6F732E2C204746444C206F722043432D42592D332E302C207669612057696B696D6564696120436F6D6D6F6E73222C226465736372697074696F6E223A223C703E496E204A756C7920313937362C2054757265617564277320706C61746F6F6E207365726765616E742070756E69736865642068696D20627920676976696E672068696D207468652064657461696C206F662063686F7070696E6720646F776E20747265657320647572696E6720747261696E696E672063616D7020617420466F7274204D63436F7920696E20576973636F6E73696E2C2062757420646964206E6F742074656C6C2068696D20686F77206D616E792074726565732C20736F20547572656175642073696E676C652D68616E6465646C792063686F7070656420646F776E206F76657220736576656E74792074726565732066726F6D20363A333020616D20746F2031303A303020616D2C20756E74696C20612073686F636B6564206D616A6F72207375706572736564656420746865207365726765616E742773206F72646572732E3C5C2F703E5C725C6E3C703E4C6174657220696E206C6966652C205475726561756420616E676572656420746865207265736964656E7473206F662061204368696361676F207375627572622063616C6C6564204C616B6520466F726573742C2062792063757474696E6720646F776E206D6F7265207468616E20612068756E64726564206F616B207472656573206F6E20686973206573746174652E2054686520696E636964656E74206973206E6F7720726566657272656420746F206173205C22546865204C616B6520466F7265737420436861696E20536177204D617373616372655C223C5C2F703E222C226C696E6B223A22687474703A5C2F5C2F656E2E77696B6970656469612E6F72675C2F77696B695C2F4D722E5F54222C226C696E6B5F7469746C65223A2252656164204D6F7265206F6E2057696B697065646961222C2274797065223A22666C657869626C652D63616C6C6F7574222C22646973706C61795F7469746C65223A224D722E20542043616E2043686F7020446F776E2032302054726565732050657220486F7572227D2C7B2274696D656C696E65223A2262696774726565636D73222C227175657279223A2262656175746966756C207472656573222C2274797065223A2274776974746572222C22646973706C61795F7469746C65223A2262696774726565636D73227D5D', X'', X'', NULL, NULL, 0, 1, 0, 1, '0000-00-00 00:00:00', '2012-10-31 11:13:10'), (2, X'', 0, X'6F6E', X'5472656520426C6F67', X'747265652D626C6F67', X'747265652D626C6F67', X'5472656520426C6F67', X'', X'', X'646F67776F6F64', X'', X'', X'5B5D', X'5B5D', X'', X'', NULL, NULL, 0, 1, 0, 0, '2012-06-20 15:12:14', '2012-06-25 12:06:56'), (3, X'', 0, X'6F6E', X'476C6F7373617279', X'676C6F7373617279', X'676C6F7373617279', X'476C6F7373617279', X'', X'', X'676C6F7373617279', X'', X'', X'7B22706167655F686561646572223A22476C6F7373617279206F662054726565205465726D696E6F6C6F6779222C22706167655F636F6E74656E74223A223C703E3C656D3E536F757263653A203C6120687265663D5C22687474703A5C2F5C2F7777772E6172626F726461792E6F72675C2F74726565735C2F7472656567756964655C2F676C6F73736172792E63666D5C22207461726765743D5C225F626C616E6B5C223E4172626F722044617920466F756E646174696F6E3C5C2F613E3C5C2F656D3E3C5C2F703E227D', X'5B5D', X'', X'', NULL, NULL, 0, 1, 0, 0, '2012-06-20 15:12:54', '2012-07-10 13:12:20'), (4, X'6F6E', 0, X'6F6E', X'41626F7574', X'61626F7574', X'61626F7574', X'41626F7574', X'', X'', X'636F6E74656E74', X'', X'', X'7B22706167655F686561646572223A2241626F75742074686520426967547265652053616D706C652053697465222C22706167655F636F6E74656E74223A223C703E546869732073697465206973206469737472696275746564206173206120746563686E6963616C2064656D6F6E7374726174696F6E206F6620746865206F70656E20736F7572636520736F6674776172652070726F64756374204269675472656520434D532E20416C6C20636F6E74656E7420616E642070686F746F6772617068732061726520736F75726365642066726F6D2057696B69706564696120616E642057696B696D6564696120436F6D6D6F6E7320616E6420617265207375626A65637420746F2074686520646973747269627574696F6E20726967687473206F6620746865697220726573706563746564206C6963656E7365732E20576520617265206E6F7420747265652065787065727473206E6F7220646F20776520696E74656E6420666F722074686973207369746520746F20626520757365642061732061206661637475616C207265666572656E63652E205468652064657369676E20656C656D656E747320616E6420636F6465207573656420746F206D616B652074686973207369746520617265206C6963656E73656420756E64657220746865204C47504C206C6963656E73652E3C5C2F703E5C725C6E3C68323E466F6E74733C5C2F68323E5C725C6E3C68343E4F70656E2053616E733C5C2F68343E5C725C6E3C64697620636C6173733D5C226465736372697074696F6E5C223E5C725C6E3C703E4F70656E2053616E7320697320612068756D616E6973742073616E732073657269662074797065666163652064657369676E6564206279205374657665204D61747465736F6E2C2054797065204469726563746F72206F6620417363656E64657220436F72702E20546869732076657273696F6E20636F6E7461696E732074686520636F6D706C6574652038393720636861726163746572207365742C20776869636820696E636C7564657320746865207374616E646172642049534F204C6174696E20312C204C6174696E2043452C20477265656B20616E6420437972696C6C69632063686172616374657220736574732E204F70656E2053616E73207761732064657369676E6564207769746820616E2075707269676874207374726573732C206F70656E20666F726D7320616E642061206E65757472616C2C2079657420667269656E646C7920617070656172616E63652E20497420776173206F7074696D697A656420666F72207072696E742C207765622C20616E64206D6F62696C6520696E74657266616365732C20616E642068617320657863656C6C656E74206C65676962696C6974792063686172616374657269737469637320696E20697473206C6574746572666F726D732E3C6272205C2F3E3C6120687265663D5C2268747470733A5C2F5C2F7777772E676F6F676C652E636F6D5C2F776562666F6E74735C2F73706563696D656E5C2F4F70656E2B53616E735C22207461726765743D5C225F626C616E6B5C223E446F776E6C6F6164204F70656E2053616E733C5C2F613E3C5C2F703E5C725C6E3C68343E47656E7469756D2042617369633C5C2F68343E5C725C6E3C703E47656E7469756D20426173696320616E642047656E7469756D20426F6F6B2042617369632061726520666F6E742066616D696C696573206261736564206F6E20746865206F726967696E616C2047656E7469756D2064657369676E2C206275742077697468206164646974696F6E616C20776569676874732E20546865205C22426F6F6B5C222066616D696C7920697320736C696768746C7920686561766965722E20426F74682066616D696C69657320636F6D652077697468206120636F6D706C65746520726567756C61722C20626F6C642C206974616C696320616E6420626F6C64206974616C696320736574206F6620666F6E74732E3C6272205C2F3E3C6120687265663D5C2268747470733A5C2F5C2F7777772E676F6F676C652E636F6D5C2F776562666F6E74735C2F73706563696D656E5C2F47656E7469756D2B42617369635C22207461726765743D5C225F626C616E6B5C223E446F776E6C6F61642047656E7469756D2042617369633C5C2F613E3C5C2F703E5C725C6E3C5C2F6469763E222C2270686F746F5F66696C65223A22222C2270686F746F5F63617074696F6E223A22227D', X'5B7B227469746C65223A225768617420497320426967547265653F222C22696D616765223A227B737461746963726F6F747D66696C65735C2F70616765735C2F626967747265655F69636F6E2E706E67222C2263617074696F6E223A22222C226465736372697074696F6E223A223C703E4269675472656520434D5320697320616E206F70656E20736F7572636520636F6E74656E74206D616E6167656D656E742073797374656D206275696C74206F6E2050485020616E64204D7953514C2E20497420776173206372656174656420627920266D646173683B20616E6420666F7220266D646173683B207573657220657870657269656E636520616E6420636F6E74656E7420737472617465677920657870657274732E3C5C2F703E222C226C696E6B223A22687474703A5C2F5C2F7777772E62696774726565636D732E6F7267222C226C696E6B5F7469746C65223A22222C2274797065223A22666C657869626C652D63616C6C6F7574222C22646973706C61795F7469746C65223A225768617420497320426967547265653F227D5D', X'', X'', NULL, NULL, 0, 1, 2848, 0, '2012-06-20 15:13:12', '2012-10-31 13:45:55'), (5, X'', 4, X'6F6E', X'41205375622050616765', X'612D7375622D70616765', X'61626F75742F612D7375622D70616765', X'41205375622050616765', X'', X'', X'636F6E74656E74', X'', X'', X'7B22706167655F686561646572223A2241205375622050616765222C22706167655F636F6E74656E74223A223C703E496E20436F6E64696D656E74756D20466163696C6973697320506F7274613C5C2F703E5C725C6E3C703E4C6F72656D20697073756D20646F6C6F722073697420616D65742C20636F6E73656374657475722061646970697363696E6720656C69742E204E756C6C616D20696E20647569206D61757269732E20566976616D75732068656E6472657269742061726375207365642065726174206D6F6C6573746965207665686963756C612E2053656420617563746F72206E657175652065752074656C6C75732072686F6E63757320757420656C656966656E64206E69626820706F72747469746F722E20557420696E206E756C6C6120656E696D2E2050686173656C6C7573206D6F6C6573746965206D61676E61206E6F6E2065737420626962656E64756D206E6F6E2076656E656E61746973206E69736C2074656D706F722E2053757370656E64697373652064696374756D2066657567696174206E69736C20757420646170696275732E204D617572697320696163756C697320706F72747469746F7220706F73756572652E205072616573656E74206964206D65747573206D617373612C20757420626C616E646974206F64696F2E2050726F696E207175697320746F72746F72206F7263692E20457469616D206174207269737573206574206A7573746F206469676E697373696D20636F6E6775652E20446F6E656320636F6E677565206C6163696E6961206475692C206120706F72747469746F72206C656374757320636F6E64696D656E74756D206C616F726565742E204E756E6320657520756C6C616D636F72706572206F7263692E20517569737175652065676574206F64696F206163206C656374757320766573746962756C756D206661756369627573206567657420696E206D657475732E20496E2070656C6C656E74657371756520666175636962757320766573746962756C756D2E204E756C6C61206174206E756C6C61206A7573746F2C2065676574206C756374757320746F72746F722E204E756C6C6120666163696C6973692E204475697320616C6971756574206567657374617320707572757320696E20626C616E6469742E204375726162697475722076756C7075746174652C206C6967756C61206C6163696E6961207363656C657269737175652074656D706F722C206C61637573206C61637573206F726E61726520616E74652C20616320656765737461732E3C5C2F703E5C725C6E3C703E4573742075726E612073697420616D657420617263752E20436C61737320617074656E742074616369746920736F63696F737175206164206C69746F726120746F727175656E742070657220636F6E75626961206E6F737472612C2070657220696E636570746F732068696D656E61656F732E20536564206D6F6C65737469652061756775652073697420616D6574206C656F20636F6E73657175617420706F73756572652E20566573746962756C756D20616E746520697073756D207072696D697320696E206661756369627573206F726369206C756374757320657420756C74726963657320706F737565726520637562696C69612043757261653B2050726F696E2076656C20616E74652061206F7263692074656D70757320656C656966656E64207574206574206D61676E612E204C6F72656D20697073756D20646F6C6F722073697420616D65742C20636F6E73656374657475722061646970697363696E6720656C69742E20566976616D7573206C75637475732075726E61207365642075726E6120756C747269636965732061632074656D706F72206475692073616769747469732E20496E20636F6E64696D656E74756D20666163696C6973697320706F7274612E20536564206E6563206469616D206575206469616D206D617474697320766976657272612E204E756C6C61206672696E67696C6C612C206F72636920616320657569736D6F642073656D7065722E3C5C2F703E5C725C6E3C703E4D61676E61206469616D20706F72747469746F72206D61757269732E3C5C2F703E222C2270686F746F5F66696C65223A227B737461746963726F6F747D66696C65735C2F70616765735C2F7573735F7365615F6F776C303834303530312E6A7067222C2270686F746F5F63617074696F6E223A2255535320536561204F776C227D', X'5B5D', X'', X'', '2012-10-06', NULL, 0, 1, 0, 0, '2012-07-16 11:59:25', '2012-10-31 13:04:03'), (6, X'', 4, X'6F6E', X'416E6F74686572205375622050616765', X'616E6F746865722D7375622D70616765', X'61626F75742F616E6F746865722D7375622D70616765', X'416E6F74686572205375622050616765', X'', X'', X'636F6E74656E74', X'', X'', X'7B22706167655F686561646572223A22416E6F74686572205375622050616765222C22706167655F636F6E74656E74223A223C703E4C6F72656D20497073756D20446F6C6F722053697420416D65742C20436F6E73656374657475723C5C2F703E5C725C6E3C703E4C6F72656D20697073756D20646F6C6F722073697420616D65742C20636F6E73656374657475722061646970697363696E6720656C69742E204E756C6C616D20696E20647569206D61757269732E20566976616D75732068656E6472657269742061726375207365642065726174206D6F6C6573746965207665686963756C612E2053656420617563746F72206E657175652065752074656C6C75732072686F6E63757320757420656C656966656E64206E69626820706F72747469746F722E20557420696E206E756C6C6120656E696D2E2050686173656C6C7573206D6F6C6573746965206D61676E61206E6F6E2065737420626962656E64756D206E6F6E2076656E656E61746973206E69736C2074656D706F722E2053757370656E64697373652064696374756D2066657567696174206E69736C20757420646170696275732E204D617572697320696163756C697320706F72747469746F7220706F73756572652E205072616573656E74206964206D65747573206D617373612C20757420626C616E646974206F64696F2E2050726F696E207175697320746F72746F72206F7263692E20457469616D206174207269737573206574206A7573746F206469676E697373696D20636F6E6775652E20446F6E656320636F6E677565206C6163696E6961206475692C206120706F72747469746F72206C656374757320636F6E64696D656E74756D206C616F726565742E204E756E6320657520756C6C616D636F72706572206F7263692E20517569737175652065676574206F64696F206163206C656374757320766573746962756C756D206661756369627573206567657420696E206D657475732E20496E2070656C6C656E74657371756520666175636962757320766573746962756C756D2E204E756C6C61206174206E756C6C61206A7573746F2C2065676574206C756374757320746F72746F722E204E756C6C6120666163696C6973692E204475697320616C6971756574206567657374617320707572757320696E20626C616E6469742E204375726162697475722076756C7075746174652C206C6967756C61206C6163696E6961207363656C657269737175652074656D706F722C206C61637573206C61637573206F726E61726520616E74652C20616320656765737461732E3C5C2F703E5C725C6E3C703E4573742075726E612073697420616D657420617263752E20436C61737320617074656E742074616369746920736F63696F737175206164206C69746F726120746F727175656E742070657220636F6E75626961206E6F737472612C2070657220696E636570746F732068696D656E61656F732E20536564206D6F6C65737469652061756775652073697420616D6574206C656F20636F6E73657175617420706F73756572652E20566573746962756C756D20616E746520697073756D207072696D697320696E206661756369627573206F726369206C756374757320657420756C74726963657320706F737565726520637562696C69612043757261653B2050726F696E2076656C20616E74652061206F7263692074656D70757320656C656966656E64207574206574206D61676E612E204C6F72656D20697073756D20646F6C6F722073697420616D65742C20636F6E73656374657475722061646970697363696E6720656C69742E20566976616D7573206C75637475732075726E61207365642075726E6120756C747269636965732061632074656D706F72206475692073616769747469732E20496E20636F6E64696D656E74756D20666163696C6973697320706F7274612E20536564206E6563206469616D206575206469616D206D617474697320766976657272612E204E756C6C61206672696E67696C6C612C206F72636920616320657569736D6F642073656D7065722E3C5C2F703E5C725C6E3C703E4D61676E61206469616D20706F72747469746F72206D61757269732E3C5C2F703E5C725C6E3C703E5175697320736F6C6C696369747564696E2073617069656E206A7573746F20696E206C696265726F2E20566573746962756C756D206D6F6C6C6973206D617572697320656E696D2E204D6F72626920657569736D6F64206D61676E61206163206C6F72656D2072757472756D20656C656D656E74756D2E20446F6E6563207669766572726120617563746F72206C6F626F727469732E2050656C6C656E746573717565206575206573742061206E756C6C6120706C616365726174206469676E697373696D2E204D6F726269206120656E696D20696E206D61676E612073656D70657220626962656E64756D2E20457469616D207363656C657269737175652C206E756E63206163206567657374617320636F6E7365717561742C206F64696F206E69626820657569736D6F64206E756C6C612C206567657420617563746F72206F726369206E6962682076656C206E6973692E20416C697175616D206572617420766F6C75747061742E204D61757269732076656C206E657175652073697420616D6574206E756E632E3C5C2F703E5C725C6E3C703E4772617669646120636F6E677565207365642073697420616D65742070757275732E2051756973717565206C61637573207175616D2C20656765737461732061632074696E636964756E7420612C206C6163696E69612076656C2076656C69742E2041656E65616E20666163696C69736973206E756C6C612076697461652075726E612074696E636964756E7420636F6E67756520736564207574206475692E204D6F726269206D616C657375616461206E756C6C61206E656320707572757320636F6E76616C6C697320636F6E7365717561742E20566976616D7573206964206D6F6C6C6973207175616D2E204D6F72626920616320636F6D6D6F646F206E756C6C612E20496E20636F6E64696D656E74756D206F726369206964206E69736C20766F6C757470617420626962656E64756D2E205175697371756520636F6D6D6F646F2068656E647265726974206C6F72656D207175697320656765737461732E204D616563656E6173207175697320746F72746F7220617263752E20566976616D75732072757472756D206E756E63206E6F6E206E6571756520636F6E7365637465747572207175697320706C616365726174206E65717565206C6F626F727469732E204E616D20766573746962756C756D2C206172637520736F64616C6573206665756769617420636F6E73656374657475722C206E69736C206F72636920626962656E64756D20656C69742C20657520657569736D6F64206D61676E612073617069656E207574206E6962682E20446F6E65632073656D706572207175616D207363656C6572697371756520746F72746F722064696374756D20677261766964612E20496E206861632068616269746173736520706C617465612064696374756D73742E204E616D2070756C76696E61722C206F64696F207365642072686F6E6375732073757363697069742C2073656D206469616D20756C747269636573206D61757269732C20657520636F6E736571756174207075727573206D657475732065752E3C5C2F703E5C725C6E3C703E56656C69742E2050726F696E206D65747573206F64696F2C20616C697175616D2065676574206D6F6C6573746965206E65632C20677261766964612075742073617069656E2E2050686173656C6C7573207175697320657374207365642074757270697320736F6C6C696369747564696E2076656E656E6174697320736564206575206F64696F2E205072616573656E742065676574206E657175652065752065726F7320696E74657264756D206D616C657375616461206E6F6E2076656C206C656F2E20536564206672696E67696C6C6120706F727461206C6967756C6120656765737461732074696E636964756E742E204E756C6C616D207269737573206D61676E612C206F726E6172652076697461652076617269757320656765742C207363656C657269737175652061206C696265726F2E204D6F72626920657520706F72747469746F7220697073756D2E204E756C6C616D206C6F72656D206E6973692C20706F7375657265207175697320766F6C757470617420656765742C206C7563747573206E6563206D617373612E2050656C6C656E74657371756520616C697175616D206C6163696E69612074656C6C75732073697420616D657420626962656E64756D2E20557420706F7375657265206A7573746F20696E20656E696D207072657469756D207363656C657269737175652E20457469616D206F726E617265207665686963756C6120657569736D6F642E20566573746962756C756D2061742072697375732061756775652E20536564206E6F6E2073656D70657220646F6C6F722E20536564206672696E67696C6C6120636F6E7365717561742076656C6974206120706F7274612E2050656C6C656E746573717565207365642E3C5C2F703E5C725C6E3C703E4C656374757320706861726574726120697073756D20756C7472696369657320636F6D6D6F646F206E6F6E2E3C5C2F703E5C725C6E3C703E53697420616D65742076656C69742E2053757370656E646973736520766F6C7574706174206C6F626F7274697320697073756D2C20696E207363656C65726973717565206E69736920696163756C697320612E20447569732070756C76696E6172206C6163696E696120636F6D6D6F646F2E20496E746567657220696E206C6F72656D206964206E696268206C756374757320616C697175616D2E2053656420656C656D656E74756D2C2065737420616320736167697474697320706F72747469746F722C206E65717565206D6574757320756C7472696369657320616E74652C20696E20616363756D73616E206D61737361206E69736C206E6F6E206D657475732E20566976616D7573207361676974746973207175616D2061206C616375732064696374756D2074656D706F722E204E756C6C616D20696E2073656D70657220697073756D2E2043726173206120657374206964206D61737361206D616C6573756164612074696E636964756E742E20457469616D20612075726E612074656C6C75732E2055742072757472756D207665686963756C61206475692C20657520637572737573206D61676E612074696E636964756E74207072657469756D2E20446F6E6563206D616C65737561646120616363756D73616E207175616D2C20657420636F6D6D6F646F206F72636920766976657272612065742E20496E74656765722074696E636964756E74207361676974746973206C65637475732E204D6175726973206163206C6967756C612071756973206F72636920617563746F722074696E636964756E742E2053757370656E6469737365206F64696F206A7573746F2C2076617269757320696420706F73756572652073697420616D65742C20696163756C69732073697420616D6574206F7263692E2053757370656E646973736520706F74656E74692E2053757370656E646973736520706F74656E74692E20416C697175616D206572617420766F6C75747061742E2053656420706F7375657265206469676E697373696D206F64696F2C206E656320637572737573206F64696F206D6F6C6C69732065742E205072616573656E74206375727375732C206F7263692075742064696374756D2061646970697363696E672C2074656C6C75732E3C5C2F703E222C2270686F746F5F66696C65223A227B737461746963726F6F747D66696C65735C2F70616765735C2F7375626D6172696E655F73616E64776963682E6A7067222C2270686F746F5F63617074696F6E223A225375626D6172696E652053616E6477696368227D', X'5B5D', X'', X'', NULL, NULL, 0, 1, 0, 0, '2012-07-16 12:01:33', '2012-10-31 13:04:32');
UPDATE `bigtree_pages` SET id = 0 WHERE id = 1;

INSERT INTO `bigtree_settings` (`id`, `value`, `type`, `options`, `name`, `description`, `locked`, `system`, `encrypted`) VALUES (X'6274782D646F67776F6F642D73657474696E6773', X'7B227469746C65223A225472656520426C6F67222C227461676C696E65223A224120426C6F672041626F7574205472656573222C22646973717573223A2274726565626C6F67227D', X'', X'', X'426C6F672053657474696E6773', X'', X'', X'31', X''), (X'666F6F7465722D61646472657373', X'223C703E3C7374726F6E673E4269675472656520434D533C5C2F7374726F6E673E3C6272205C2F3E203C7370616E3E323032362045617374204C6F6D6261726420537472656574203C6272205C2F3E42616C74696D6F72652C204D44203231323331203C5C2F7370616E3E3C6272205C2F3E3C6120687265663D5C226D61696C746F3A737570706F72744062696774726565636D732E6F72675C223E737570706F72744062696774726565636D732E6F72673C5C2F613E3C5C2F703E22', X'68746D6C', X'', X'466F6F7465722041646472657373', X'', X'', X'', X''), (X'666F6F7465722D736F6369616C2D6C696E6B73', X'5B7B227469746C65223A2246616365626F6F6B222C227375627469746C65223A224C696B65207573206F6E2046616365626F6F6B222C226C696E6B223A22687474703A5C2F5C2F7777772E66616365626F6F6B2E636F6D5C2F227D2C7B227469746C65223A2254776974746572222C227375627469746C65223A22466F6C6C6F77207573206F6E2054776974746572222C226C696E6B223A22687474703A5C2F5C2F7777772E747769747465722E636F6D5C2F227D5D', X'6172726179', X'7B226669656C6473223A7B2230223A7B226B6579223A227469746C65222C227469746C65223A225469746C65222C2274797065223A2274657874227D2C2231223A7B226B6579223A227375627469746C65222C227469746C65223A22537562205469746C65222C2274797065223A2274657874227D2C2233223A7B226B6579223A226C696E6B222C227469746C65223A224C696E6B3B20696E636C7564696E672027687474703A2F2F27222C2274797065223A2274657874227D7D7D', X'466F6F74657220536F6369616C204C696E6B73', X'', X'', X'', X'');

DELETE FROM `bigtree_templates`;
INSERT INTO `bigtree_templates` (`id`, `name`, `description`, `routed`, `image`, `resources`, `callouts_enabled`, `module`, `level`, `position`) VALUES (X'636F6E74656E74', X'436F6E74656E74', X'4D617374657220436F6E74656E74', X'', X'706167652E706E67', X'5B7B226964223A22706167655F686561646572222C227469746C65223A225061676520486561646572222C227375627469746C65223A22222C2274797065223A2274657874222C2276616C69646174696F6E223A227265717569726564222C2273656F5F6831223A226F6E222C227375625F74797065223A22222C2277726170706572223A22222C226E616D65223A22227D2C7B226964223A22706167655F636F6E74656E74222C227469746C65223A225061676520436F6E74656E74222C227375627469746C65223A22222C2274797065223A2268746D6C222C2276616C69646174696F6E223A227265717569726564222C2273656F5F626F6479223A226F6E222C2277726170706572223A22222C226E616D65223A22227D2C7B226964223A2270686F746F5F66696C65222C227469746C65223A2250686F746F222C227375627469746C65223A224D696E20333030783330307078222C2274797065223A2275706C6F6164222C22696D616765223A226F6E222C226D696E5F7769647468223A22333030222C226D696E5F686569676874223A22333030222C22707265766965775F707265666978223A22222C22726574696E61223A226F6E222C2263726F7073223A7B2232223A7B22707265666978223A22222C227769647468223A22333030222C22686569676874223A22333030222C22677261797363616C65223A22227D7D7D2C7B226964223A2270686F746F5F63617074696F6E222C227469746C65223A2243617074696F6E222C227375627469746C65223A22222C2274797065223A2274657874222C226E616D65223A22227D5D', X'6F6E', 0, 0, 5), (X'646F67776F6F64', X'426C6F67', X'', X'6F6E', X'706167652D6D6F64756C652E706E67', X'5B5D', X'6F6E', 0, 0, 2), (X'676C6F7373617279', X'476C6F7373617279', X'', X'6F6E', X'706167652D6D6F64756C652E706E67', X'5B7B226964223A22706167655F686561646572222C227469746C65223A225061676520486561646572222C227375627469746C65223A22222C2274797065223A2274657874222C2276616C69646174696F6E223A22222C2273656F5F6831223A226F6E222C227375625F74797065223A22227D2C7B226964223A22706167655F636F6E74656E74222C227469746C65223A225061676520436F6E74656E74222C227375627469746C65223A22222C2274797065223A2268746D6C222C2273656F5F626F6479223A226F6E227D5D', X'', 10, 0, 2), (X'686F6D65', X'486F6D65', X'486F6D652050616765', X'', X'706167652E706E67', X'5B5D', X'6F6E', 0, 0, 4);

CREATE TABLE `btx_dogwood_authors` (`id` int(11) NOT NULL AUTO_INCREMENT, `user` int(11) unsigned DEFAULT NULL, `name` varchar(255) NOT NULL DEFAULT '', `title` varchar(255) NOT NULL DEFAULT '', `biography` text NOT NULL, `image` varchar(255) NOT NULL DEFAULT '', `route` varchar(255) NOT NULL DEFAULT '', `position` int(11) NOT NULL, PRIMARY KEY (`id`), KEY `route` (`route`), KEY `position` (`position`), KEY `user` (`user`), CONSTRAINT `btx_dogwood_authors_ibfk_1` FOREIGN KEY (`user`) REFERENCES `bigtree_users` (`id`) ON DELETE SET NULL) ENGINE=InnoDB DEFAULT CHARSET=utf8 COLLATE=utf8_bin;
INSERT INTO `btx_dogwood_authors` (`id`, `user`, `name`, `title`, `biography`, `image`, `route`, `position`) VALUES (1, 1, X'42696754726565', X'456469746F7220696E2043686965662C205472656520426C6F67', X'3C703E467573636520646170696275732C2074656C6C75732061632063757273757320636F6D6D6F646F2C20746F72746F72206D617572697320636F6E64696D656E74756D206E6962682C207574206665726D656E74756D206D61737361206A7573746F2073697420616D65742072697375732E2043726173206D617474697320636F6E73656374657475722070757275732073697420616D6574206665726D656E74756D2E20446F6E656320696420656C6974206E6F6E206D6920706F72746120677261766964612061742065676574206D657475732E20446F6E656320736564206F64696F206475692E204D616563656E617320736564206469616D20656765742072697375732076617269757320626C616E6469742073697420616D6574206E6F6E206D61676E612E2053656420706F737565726520636F6E736563746574757220657374206174206C6F626F727469732E204D6F726269206C656F2072697375732C20706F72746120616320636F6E73656374657475722061632C20766573746962756C756D2061742065726F732E3C6272202F3E3C6272202F3E4E756C6C6120766974616520656C6974206C696265726F2C20612070686172657472612061756775652E204D6F726269206C656F2072697375732C20706F72746120616320636F6E73656374657475722061632C20766573746962756C756D2061742065726F732E2041656E65616E206C6163696E696120626962656E64756D206E756C6C612073656420636F6E73656374657475722E2041656E65616E206C6163696E696120626962656E64756D206E756C6C612073656420636F6E73656374657475722E20496E746567657220706F73756572652065726174206120616E74652076656E656E61746973206461706962757320706F73756572652076656C697420616C69717565742E3C2F703E', X'7B737461746963726F6F747D696D616765732F646F67776F6F642F626967747265655F69636F6E2E706E67', X'62696774726565', 0);

CREATE TABLE `btx_dogwood_categories` (`id` int(11) NOT NULL AUTO_INCREMENT, `title` varchar(255) NOT NULL DEFAULT '', `route` varchar(255) NOT NULL DEFAULT '', `position` int(11) NOT NULL, PRIMARY KEY (`id`), KEY `position` (`position`), KEY `route` (`route`)) ENGINE=InnoDB DEFAULT CHARSET=utf8 COLLATE=utf8_bin;
INSERT INTO `btx_dogwood_categories` (`id`, `title`, `route`, `position`) VALUES (2, X'54656368', X'74656368', 0), (3, X'496E74657276696577', X'696E74657276696577', 0), (4, X'44657369676E', X'64657369676E', 0), (5, X'42616C74696D6F7265', X'62616C74696D6F7265', 0), (6, X'417274', X'617274', 0);

CREATE TABLE `btx_dogwood_posts` (`id` int(11) NOT NULL AUTO_INCREMENT, `author` int(11) NOT NULL, `date` datetime DEFAULT NULL, `title` varchar(255) NOT NULL DEFAULT '', `blurb` text NOT NULL, `content` longtext NOT NULL, `image` varchar(255) NOT NULL DEFAULT '', `caption` varchar(255) DEFAULT NULL, `external_link` varchar(255) NOT NULL DEFAULT '', `publish_date` datetime DEFAULT NULL, `route` varchar(255) NOT NULL DEFAULT '', `featured` char(2) DEFAULT NULL, PRIMARY KEY (`id`), KEY `author` (`author`), KEY `date` (`date`), KEY `featured` (`featured`), KEY `publish_date` (`publish_date`), CONSTRAINT `btx_dogwood_posts_ibfk_1` FOREIGN KEY (`author`) REFERENCES `btx_dogwood_authors` (`id`) ON DELETE CASCADE) ENGINE=InnoDB DEFAULT CHARSET=utf8 COLLATE=utf8_bin;
INSERT INTO `btx_dogwood_posts` (`id`, `author`, `date`, `title`, `blurb`, `content`, `image`, `caption`, `external_link`, `publish_date`, `route`, `featured`) VALUES (1, 1, '2012-06-14 00:00:00', X'4C6F72656D20697073756D20646F6C6F722073697420616D65742C20636F6E73656374657475722061646970697363696E6720656C69742E', X'3C703E566573746962756C756D206964206C6967756C6120706F7274612066656C697320657569736D6F642073656D7065722E20446F6E656320696420656C6974206E6F6E206D6920706F72746120677261766964612061742065676574206D657475732E2043756D20736F63696973206E61746F7175652070656E617469627573206574206D61676E6973206469732070617274757269656E74206D6F6E7465732C206E61736365747572207269646963756C7573206D75732E20446F6E656320736564206F64696F206475692E2043757261626974757220626C616E6469742074656D70757320706F72747469746F722E3C2F703E', X'3C703E446F6E656320756C6C616D636F72706572206E756C6C61206E6F6E206D6574757320617563746F72206672696E67696C6C612E20467573636520646170696275732C2074656C6C75732061632063757273757320636F6D6D6F646F2C20746F72746F72206D617572697320636F6E64696D656E74756D206E6962682C207574206665726D656E74756D206D61737361206A7573746F2073697420616D65742072697375732E204D616563656E617320736564206469616D20656765742072697375732076617269757320626C616E6469742073697420616D6574206E6F6E206D61676E612E2044756973206D6F6C6C69732C20657374206E6F6E20636F6D6D6F646F206C75637475732C206E697369206572617420706F72747469746F72206C6967756C612C2065676574206C6163696E6961206F64696F2073656D206E656320656C69742E2053656420706F737565726520636F6E736563746574757220657374206174206C6F626F727469732E2043756D20736F63696973206E61746F7175652070656E617469627573206574206D61676E6973206469732070617274757269656E74206D6F6E7465732C206E61736365747572207269646963756C7573206D75732E20496E746567657220706F73756572652065726174206120616E74652076656E656E61746973206461706962757320706F73756572652076656C697420616C69717565742E3C6272202F3E3C6272202F3E44756973206D6F6C6C69732C20657374206E6F6E20636F6D6D6F646F206C75637475732C206E697369206572617420706F72747469746F72206C6967756C612C2065676574206C6163696E6961206F64696F2073656D206E656320656C69742E204D6F726269206C656F2072697375732C20706F72746120616320636F6E73656374657475722061632C20766573746962756C756D2061742065726F732E2043726173206A7573746F206F64696F2C206461706962757320616320666163696C6973697320696E2C20656765737461732065676574207175616D2E20566976616D7573207361676974746973206C616375732076656C206175677565206C616F726565742072757472756D20666175636962757320646F6C6F7220617563746F722E3C6272202F3E3C6272202F3E4E756C6C616D207175697320726973757320656765742075726E61206D6F6C6C6973206F726E6172652076656C206575206C656F2E20446F6E656320756C6C616D636F72706572206E756C6C61206E6F6E206D6574757320617563746F72206672696E67696C6C612E2043726173206D617474697320636F6E73656374657475722070757275732073697420616D6574206665726D656E74756D2E205072616573656E7420636F6D6D6F646F20637572737573206D61676E612C2076656C207363656C65726973717565206E69736C20636F6E73656374657475722065742E2041656E65616E206575206C656F207175616D2E2050656C6C656E746573717565206F726E6172652073656D206C6163696E6961207175616D2076656E656E6174697320766573746962756C756D2E3C6272202F3E3C6272202F3E4E756C6C616D207175697320726973757320656765742075726E61206D6F6C6C6973206F726E6172652076656C206575206C656F2E2053656420706F737565726520636F6E736563746574757220657374206174206C6F626F727469732E20467573636520646170696275732C2074656C6C75732061632063757273757320636F6D6D6F646F2C20746F72746F72206D617572697320636F6E64696D656E74756D206E6962682C207574206665726D656E74756D206D61737361206A7573746F2073697420616D65742072697375732E2041656E65616E206C6163696E696120626962656E64756D206E756C6C612073656420636F6E73656374657475722E2043726173206A7573746F206F64696F2C206461706962757320616320666163696C6973697320696E2C20656765737461732065676574207175616D2E20467573636520646170696275732C2074656C6C75732061632063757273757320636F6D6D6F646F2C20746F72746F72206D617572697320636F6E64696D656E74756D206E6962682C207574206665726D656E74756D206D61737361206A7573746F2073697420616D65742072697375732E20496E746567657220706F73756572652065726174206120616E74652076656E656E61746973206461706962757320706F73756572652076656C697420616C69717565742E3C2F703E', X'', X'', X'', NULL, X'6C6F72656D2D697073756D2D646F6C6F722D7369742D616D65742D636F6E73656374657475722D61646970697363696E672D656C6974', NULL), (2, 1, '2012-06-25 00:00:00', X'4E756C6C6120766974616520656C6974206C696265726F2C20612070686172657472612061756775652E', X'3C703E4E756C6C616D20696420646F6C6F72206964206E69626820756C74726963696573207665686963756C6120757420696420656C69742E2041656E65616E206575206C656F207175616D2E2050656C6C656E746573717565206F726E6172652073656D206C6163696E6961207175616D2076656E656E6174697320766573746962756C756D2E20566976616D7573207361676974746973206C616375732076656C206175677565206C616F726565742072757472756D20666175636962757320646F6C6F7220617563746F722E2043726173206A7573746F206F64696F2C206461706962757320616320666163696C6973697320696E2C20656765737461732065676574207175616D2E2053656420706F737565726520636F6E736563746574757220657374206174206C6F626F727469732E204E756C6C616D207175697320726973757320656765742075726E61206D6F6C6C6973206F726E6172652076656C206575206C656F2E3C2F703E', X'3C703E4D6F726269206C656F2072697375732C20706F72746120616320636F6E73656374657475722061632C20766573746962756C756D2061742065726F732E204E756C6C616D207175697320726973757320656765742075726E61206D6F6C6C6973206F726E6172652076656C206575206C656F2E20496E746567657220706F73756572652065726174206120616E74652076656E656E61746973206461706962757320706F73756572652076656C697420616C69717565742E20496E746567657220706F73756572652065726174206120616E74652076656E656E61746973206461706962757320706F73756572652076656C697420616C69717565742E2041656E65616E206C6163696E696120626962656E64756D206E756C6C612073656420636F6E73656374657475722E20446F6E656320736564206F64696F206475692E3C6272202F3E3C6272202F3E457469616D20706F7274612073656D206D616C657375616461206D61676E61206D6F6C6C697320657569736D6F642E204D616563656E617320736564206469616D20656765742072697375732076617269757320626C616E6469742073697420616D6574206E6F6E206D61676E612E20446F6E656320736564206F64696F206475692E2043726173206A7573746F206F64696F2C206461706962757320616320666163696C6973697320696E2C20656765737461732065676574207175616D2E20446F6E656320696420656C6974206E6F6E206D6920706F72746120677261766964612061742065676574206D657475732E20496E746567657220706F73756572652065726174206120616E74652076656E656E61746973206461706962757320706F73756572652076656C697420616C69717565742E2043756D20736F63696973206E61746F7175652070656E617469627573206574206D61676E6973206469732070617274757269656E74206D6F6E7465732C206E61736365747572207269646963756C7573206D75732E3C6272202F3E3C6272202F3E446F6E656320756C6C616D636F72706572206E756C6C61206E6F6E206D6574757320617563746F72206672696E67696C6C612E20467573636520646170696275732C2074656C6C75732061632063757273757320636F6D6D6F646F2C20746F72746F72206D617572697320636F6E64696D656E74756D206E6962682C207574206665726D656E74756D206D61737361206A7573746F2073697420616D65742072697375732E20446F6E656320736564206F64696F206475692E205072616573656E7420636F6D6D6F646F20637572737573206D61676E612C2076656C207363656C65726973717565206E69736C20636F6E73656374657475722065742E2041656E65616E206C6163696E696120626962656E64756D206E756C6C612073656420636F6E73656374657475722E2053656420706F737565726520636F6E736563746574757220657374206174206C6F626F727469732E20457469616D20706F7274612073656D206D616C657375616461206D61676E61206D6F6C6C697320657569736D6F642E204E756C6C616D207175697320726973757320656765742075726E61206D6F6C6C6973206F726E6172652076656C206575206C656F2E204D616563656E617320736564206469616D20656765742072697375732076617269757320626C616E6469742073697420616D6574206E6F6E206D61676E612E2043726173206D617474697320636F6E73656374657475722070757275732073697420616D6574206665726D656E74756D2E204E756C6C6120766974616520656C6974206C696265726F2C20612070686172657472612061756775652E3C2F703E', X'', X'', X'', NULL, X'6E756C6C612D76697461652D656C69742D6C696265726F2D612D70686172657472612D6175677565', NULL), (3, 1, '2012-07-10 00:00:00', X'566573746962756C756D206964206C6967756C6120706F72746120', X'', X'3C703E457469616D20706F7274612073656D206D616C657375616461206D61676E61206D6F6C6C697320657569736D6F642E204E756C6C616D207175697320726973757320656765742075726E61206D6F6C6C6973206F726E6172652076656C206575206C656F2E20457469616D20706F7274612073656D206D616C657375616461206D61676E61206D6F6C6C697320657569736D6F642E2053656420706F737565726520636F6E736563746574757220657374206174206C6F626F727469732E3C2F703E0D0A3C703E4D6F726269206C656F2072697375732C20706F72746120616320636F6E73656374657475722061632C20766573746962756C756D2061742065726F732E204D616563656E6173206661756369627573206D6F6C6C697320696E74657264756D2E2043757261626974757220626C616E6469742074656D70757320706F72747469746F722E204C6F72656D20697073756D20646F6C6F722073697420616D65742C20636F6E73656374657475722061646970697363696E6720656C69742E2043726173206D617474697320636F6E73656374657475722070757275732073697420616D6574206665726D656E74756D2E2043726173206D617474697320636F6E73656374657475722070757275732073697420616D6574206665726D656E74756D2E3C2F703E', X'', X'', X'', NULL, X'766573746962756C756D2D69642D6C6967756C612D706F727461', NULL), (4, 1, '2012-07-10 00:00:00', X'446F6E656320696420656C6974206E6F6E206D69', X'', X'3C703E5072616573656E7420636F6D6D6F646F20637572737573206D61676E612C2076656C207363656C65726973717565206E69736C20636F6E73656374657475722065742E20467573636520646170696275732C2074656C6C75732061632063757273757320636F6D6D6F646F2C20746F72746F72206D617572697320636F6E64696D656E74756D206E6962682C207574206665726D656E74756D206D61737361206A7573746F2073697420616D65742072697375732E2043756D20736F63696973206E61746F7175652070656E617469627573206574206D61676E6973206469732070617274757269656E74206D6F6E7465732C206E61736365747572207269646963756C7573206D75732E204E756C6C616D207175697320726973757320656765742075726E61206D6F6C6C6973206F726E6172652076656C206575206C656F2E20566976616D7573207361676974746973206C616375732076656C206175677565206C616F726565742072757472756D20666175636962757320646F6C6F7220617563746F722E2044756973206D6F6C6C69732C20657374206E6F6E20636F6D6D6F646F206C75637475732C206E697369206572617420706F72747469746F72206C6967756C612C2065676574206C6163696E6961206F64696F2073656D206E656320656C69742E20467573636520646170696275732C2074656C6C75732061632063757273757320636F6D6D6F646F2C20746F72746F72206D617572697320636F6E64696D656E74756D206E6962682C207574206665726D656E74756D206D61737361206A7573746F2073697420616D65742072697375732E3C2F703E0D0A3C703E4C6F72656D20697073756D20646F6C6F722073697420616D65742C20636F6E73656374657475722061646970697363696E6720656C69742E204D616563656E617320736564206469616D20656765742072697375732076617269757320626C616E6469742073697420616D6574206E6F6E206D61676E612E204D616563656E617320736564206469616D20656765742072697375732076617269757320626C616E6469742073697420616D6574206E6F6E206D61676E612E204C6F72656D20697073756D20646F6C6F722073697420616D65742C20636F6E73656374657475722061646970697363696E6720656C69742E3C2F703E0D0A3C703E457469616D20706F7274612073656D206D616C657375616461206D61676E61206D6F6C6C697320657569736D6F642E20446F6E656320756C6C616D636F72706572206E756C6C61206E6F6E206D6574757320617563746F72206672696E67696C6C612E2044756973206D6F6C6C69732C20657374206E6F6E20636F6D6D6F646F206C75637475732C206E697369206572617420706F72747469746F72206C6967756C612C2065676574206C6163696E6961206F64696F2073656D206E656320656C69742E2041656E65616E206C6163696E696120626962656E64756D206E756C6C612073656420636F6E73656374657475722E20566976616D7573207361676974746973206C616375732076656C206175677565206C616F726565742072757472756D20666175636962757320646F6C6F7220617563746F722E204E756C6C6120766974616520656C6974206C696265726F2C20612070686172657472612061756775652E3C2F703E', X'', X'', X'', NULL, X'646F6E65632D69642D656C69742D6E6F6E2D6D69', NULL);

CREATE TABLE `btx_dogwood_post_categories` (`id` int(11) NOT NULL AUTO_INCREMENT, `post` int(11) DEFAULT NULL, `category` int(11) DEFAULT NULL, PRIMARY KEY (`id`), KEY `post` (`post`), KEY `category` (`category`), CONSTRAINT `btx_dogwood_post_categories_ibfk_2` FOREIGN KEY (`category`) REFERENCES `btx_dogwood_categories` (`id`) ON DELETE CASCADE, CONSTRAINT `btx_dogwood_post_categories_ibfk_1` FOREIGN KEY (`post`) REFERENCES `btx_dogwood_posts` (`id`) ON DELETE CASCADE) ENGINE=InnoDB DEFAULT CHARSET=utf8 COLLATE=utf8_bin;
INSERT INTO `btx_dogwood_post_categories` (`post`, `category`) VALUES (4, 5), (3, 5), (3, 6), (2, 5), (2, 4), (1, 5), (1, 3), (1, 2);

CREATE TABLE `sample_features` (`id` int(11) unsigned NOT NULL AUTO_INCREMENT, `image` varchar(255) NOT NULL DEFAULT '', `background` varchar(255) NOT NULL DEFAULT '', `title` varchar(255) NOT NULL DEFAULT '', `description` varchar(255) NOT NULL DEFAULT '', `link` varchar(255) NOT NULL DEFAULT '', `image_credit` varchar(255) NOT NULL DEFAULT '', `image_link` varchar(255) NOT NULL DEFAULT '', `position` int(11) NOT NULL, `approved` char(2) NOT NULL DEFAULT '', PRIMARY KEY (`id`), KEY `position` (`position`), KEY `approved` (`approved`)) ENGINE=InnoDB DEFAULT CHARSET=utf8 COLLATE=utf8_bin;
INSERT INTO `sample_features` (`id`, `image`, `background`, `title`, `description`, `link`, `image_credit`, `image_link`, `position`, `approved`) VALUES (1, X'7B737461746963726F6F747D696D616765732F66656174757265732F736571756F69615F73656D706572766972656E735F6269677375722E6A7067', X'303033333333', X'536571756F6961', X'536571756F696120697320612067656E7573206F6620726564776F6F6420636F6E696665726F757320747265657320696E2074686520536571756F696F69646561652073756266616D696C792C206F6620746865204375707265737361636561652066616D696C792E20546865206F6E6C7920657874616E742073706563696573206F66207468652067656E75732069732074686520536571756F69612073656D706572766972656E7320696E20746865204E6F72746865726E2043616C69666F726E696120636F617374616C20666F72657374732065636F726567696F6E206F66204E6F72746865726E2043616C69666F726E696120616E6420536F7574', X'687474703A2F2F656E2E77696B6970656469612E6F72672F77696B692F536571756F69615F25323867656E7573253239', X'47696C657320446F75676C61732C2043432D42592D322E302C207669612057696B696D6564696120436F6D6D6F6E73', X'687474703A2F2F636F6D6D6F6E732E77696B696D656469612E6F72672F77696B692F46696C65253341536571756F69615F73656D706572766972656E735F4269675375722E6A7067', 4, X'6F6E'), (2, X'7B737461746963726F6F747D696D616765732F66656174757265732F6C696E64655F766F6E5F6C696E6E2E6A7067', X'333333333333', X'54696C696120436F7264617461', X'496E746567657220706F73756572652065726174206120616E74652076656E656E61746973206461706962757320706F73756572652076656C697420616C69717565742E20457469616D20706F7274612073656D206D616C657375616461206D61676E61206D6F6C6C697320657569736D6F642E2043757261626974757220626C616E6469742074656D70757320706F72747469746F722E', X'687474703A2F2F656E2E77696B6970656469612E6F72672F77696B692F54696C69615F636F7264617461', X'53746566616E205765726E6C692C2043432D42592D53412D322E352C207669612057696B696D6564696120436F6D6D6F6E73', X'687474703A2F2F636F6D6D6F6E732E77696B696D656469612E6F72672F77696B692F46696C653A4C696E64655F766F6E5F6C696E6E2E6A7067', 2, X'6F6E'), (3, X'7B737461746963726F6F747D696D616765732F66656174757265732F6368657272795F747265655F626C6F73736F6D732E6A7067', X'333333333636', X'5072756E75732053657272756C617461', X'5072756E75732073657272756C617461206F72204A6170616E657365204368657272793B20616C736F2063616C6C65642048696C6C204368657272792C204F7269656E74616C20436865727279206F72204561737420417369616E204368657272792C20697320612073706563696573206F6620636865727279206E617469766520746F204A6170616E2C204B6F72656120616E64204368696E612E204974206973206B6E6F776E20666F722069747320737072696E672063686572727920626C6F73736F6D20646973706C61797320616E6420666573746976616C732E', X'687474703A2F2F656E2E77696B6970656469612E6F72672F77696B692F5072756E75735F73657272756C617461', X'4167726963756C747572616C20526573656172636820536572766963652C205075626C696320446F6D61696E', X'687474703A2F2F636F6D6D6F6E732E77696B696D656469612E6F72672F77696B692F46696C653A4368657272795F747265655F626C6F73736F6D732E6A7067', 3, X'6F6E');

CREATE TABLE `sample_glossary` (`id` int(11) unsigned NOT NULL AUTO_INCREMENT, `term` varchar(255) NOT NULL DEFAULT '', `route` varchar(255) NOT NULL DEFAULT '', `description` text NOT NULL, `approved` char(2) NOT NULL DEFAULT '', PRIMARY KEY (`id`), KEY `route` (`route`), KEY `approved` (`approved`)) ENGINE=InnoDB DEFAULT CHARSET=utf8 COLLATE=utf8_bin;
INSERT INTO `sample_glossary` (`id`, `term`, `route`, `description`, `approved`) VALUES (1, X'61636964', X'61636964', X'7048202D2061636964697479206F7220616C6B616C696E6974792072616E67696E672066726F6D203320287374726F6E676C7920616369642920746F20313120287374726F6E676C7920616C6B616C696E652920776974682037206265696E67206E65757472616C2E', X'6F6E'), (2, X'616C6B616C696E65', X'616C6B616C696E65', X'7048202D2061636964697479206F7220616C6B616C696E6974792072616E67696E672066726F6D203320287374726F6E676C7920616369642920746F20313120287374726F6E676C7920616C6B616C696E652920776974682037206265696E67206E65757472616C2E', X'6F6E'), (3, X'616C6C656F7061746879', X'616C6C656F7061746879', X'546865207375707072657373696F6E206F662067726F777468206F66206F6E6520706C616E74207370656369657320627920616E6F746865722064756520746F207468652072656C65617365206F6620746F786963207375627374616E6365732E', X'6F6E'), (4, X'616E74687261636E6F7365', X'616E74687261636E6F7365', X'412067726F7570206F662066756E67692074686174206361757365206469656261636B20616E6420736F6D6574696D657320646561746820746F20766172696F757320737065636965732C207375636820617320646F67776F6F64732C20737963616D6F7265732C206F616B732C20616E64206D61706C65732E', X'6F6E'), (5, X'616C7465726E617465', X'616C7465726E617465', X'4C6561766573207468617420617265207374616767657265642C206E6F7420706C61636564206469726563746C79206163726F73732066726F6D2065616368206F74686572206F6E2074686520747769672E', X'6F6E'), (6, X'626C616465', X'626C616465', X'54686520666C61742070617274206F662061206C656166206F72206C6561666C65742C206368617261637465726973746963206F662062726F61646C6561662074726565732E', X'6F6E'), (7, X'6272616374', X'6272616374', X'41206D6F646966696564206C6561662074686174206265617273206120666C6F7765722E', X'6F6E'), (8, X'62726F61646C656166', X'62726F61646C656166', X'4120747265652077697468206C656176657320746861742061726520666C617420616E64207468696E2C20616E642067656E6572616C6C79207368656420616E6E75616C6C792E', X'6F6E'), (9, X'6275642073636172', X'6275642073636172', X'746865206D61726B732072656D61696E696E6720616674657220627564207363616C65732064726F7020696E2074686520737072696E672E', X'6F6E'), (10, X'636C696E6773746F6E65', X'636C696E6773746F6E65', X'616E79206F6620766172696F75732073746F6E65206672756974732028617320736F6D652070656163686573206F7220706C756D7329207769746820666C65736820746861742061646865726573207374726F6E676C7920746F20746865207069742E', X'6F6E'), (11, X'636F6D706F756E64206C656166', X'636F6D706F756E642D6C656166', X'61206C6561662077697468206D6F7265207468616E206F6E6520626C6164652E20416C6C20626C616465732061726520617474616368656420746F20612073696E676C65206C6561667374656D2E20576865726520746865206C6561667374656D20617474616368657320746F2074686520747769672C2074686572652069732061206275642E', X'6F6E'), (12, X'636F6E69666572', X'636F6E69666572', X'4120636F6E652D62656172696E6720747265652E', X'6F6E'), (13, X'63726F73732D706F6C6C696E6174696F6E', X'63726F73732D706F6C6C696E6174696F6E', X'66657274696C697A6174696F6E206265747765656E2067656E65746963616C6C7920636F6D70617469626C6520747265657320666F72206265747465722066727569742C206F6674656E20726573756C74696E6720696E207375706572696F72206F6666737072696E672E', X'6F6E'), (14, X'63726F776E', X'63726F776E', X'5468652068656164206F6620666F6C69616765206F6620612074726565206F72207368727562202D2D20746869732069732074686520666F726D206F72207368617065206F662074686520747265652E', X'6F6E'), (15, X'6465636964756F7573', X'6465636964756F7573', X'5368656464696E6720616C6C206C656176657320616E6E75616C6C792E', X'6F6E'), (16, X'656E74697265', X'656E74697265', X'41206C656166206D617267696E207769746820736D6F6F74682C20756E746F6F746865642065646765732E', X'6F6E'), (17, X'65766572677265656E', X'65766572677265656E', X'54726565732077697468206E6565646C6573206F72206C656176657320746861742072656D61696E20616C69766520616E64206F6E207468652074726565207468726F756768207468652077696E74657220616E6420696E746F20746865206E6578742067726F77696E6720736561736F6E2E', X'6F6E'), (18, X'6578666F6C69617465', X'6578666F6C69617465', X'7065656C696E6720696E20736872656473206F72207468696E206C61796572732C206173206261726B2066726F6D206120747265652E', X'6F6E'), (19, X'6672656573746F6E65', X'6672656573746F6E65', X'412066727569742073746F6E6520746F2077686963682074686520666C65736820646F6573206E6F7420636C696E672E', X'6F6E'), (20, X'6861626974', X'6861626974', X'5468652067656E6572616C206D6F6465206F6620706C616E742067726F7774682E205573656420746F20646573637269626520746865206F766572616C6C207368617065206F66206120747265652E', X'6F6E'), (21, X'68617264696E657373207A6F6E65', X'68617264696E6573732D7A6F6E65', X'4120706C616E742063616E20626520657870656374656420746F2067726F7720696E20746865207A6F6E6527732074656D70657261747572652065787472656D65732C2061732064657465726D696E656420627920746865206C6F7765737420616E6E75616C2074656D70657261747572652E204F7468657220636F6E646974696F6E732073756368206173206D6F6973747572652C20736F696C2C20616E642077696E64206D69676874206166666563742074686520617661696C6162696C697479206F6620696E646976696475616C20706C616E74732E', X'6F6E'), (22, X'6B6E656573', X'6B6E656573', X'5468652074726565207472756E6B20696E2077657420636F6E646974696F6E7320657868696269747320612062726F616420627574747265737320776974682070726F74727573696F6E732066726F6D2074686520726F6F74732E', X'6F6E'), (23, X'6C6561662073636172', X'6C6561662073636172', X'546865206D61726B206C656674206F6E20746865207477696720776865726520746865206C656166207761732070726576696F75736C792061747461636865642E', X'6F6E'), (24, X'6C6F626573', X'6C6F626573', X'50726F6A656374696F6E7320746861742073686170652061206C6561662E', X'6F6E'), (25, X'6D617267696E', X'6D617267696E', X'5468652065646765206F662061206C6561662E', X'6F6E'), (26, X'6D6964726962', X'6D6964726962', X'546865207072696D61727920726962206F722063656E7472616C207665696E206F662061206C6561662E', X'6F6E'), (27, X'6E6174697665', X'6E6174697665', X'496E686572656E7420616E64206F726967696E616C20746F20612067656F6772617068696320617265612E', X'6F6E'), (28, X'6F70706F73697465', X'6F70706F73697465', X'54776F206F72207468726565206C6561766573207468617420617265206469726563746C79206163726F73732066726F6D2065616368206F74686572206F6E207468652073616D6520747769672E', X'6F6E'), (29, X'70616C6D617465', X'70616C6D617465', X'426C61646573206F72206C6F626573206F72207665696E73206F6620746865206C65616620617272616E676564206C696B652066696E67657273206F6E207468652070616C6D206F6620612068616E642E', X'6F6E'), (30, X'70657273697374656E74', X'70657273697374656E74', X'4465636964756F7573206C65616620626C6164657320746861742072656D61696E206F6E20746865207472656520666F72206D6F7265207468616E206120796561722E', X'6F6E'), (31, X'706574696F6C65', X'706574696F6C65', X'546865206C6561667374616C6B207468617420636F6E6E656374732074686520626C61646528732920746F2074686520747769672E', X'6F6E'), (32, X'706879746F72656D6564696174696F6E', X'706879746F72656D6564696174696F6E', X'54686520757365206F6620747265657320746F2074616B65207570206368656D6963616C732C2062696E64696E6720736F6D65206F6620746865206D6174657269616C20696E20616E20696E65727420666F726D20776974682074686520747265652C20616E6420636F6E76657274696E6720736F6D65206F6620697420746F206F74686572207375627374616E6365732C20706F737369626C79206576656E20627265616B696E6720697420646F776E20696E746F20746865206E6F726D616C20656E642070726F64756374206F66206120747265652773206368656D6963616C2070726F6365737365732E', X'6F6E'), (33, X'70696E6E617465', X'70696E6E617465', X'426C61646573206F66206C6F626573206F72207665696E73206F6620746865206C65616620617272616E676564206C696B652076616E6573206F66206120666561746865722E', X'6F6E'), (34, X'70697374696C', X'70697374696C', X'54686520736565642D62656172696E67206F7267616E206F662074686520666C6F7765722E205468652070697374696C20636F6E7369737473206F6620616E206F766172792C20737469676D612C20616E64207374796C65207768656E2070726573656E742E', X'6F6E'), (35, X'706F6C6C696E6174696F6E', X'706F6C6C696E6174696F6E', X'546F207472616E7366657220706F6C6C656E2066726F6D2074686520616E74686572206F662061207374616D656E20746F2074686520737469676D61206F6620612070697374696C2C20726573756C74696E6720696E2066657274696C697A6174696F6E2E20546869732063616E206F6363757220656974686572206F6E20612073696E676C6520706C616E74202873656C662D706F6C6C696E6174696F6E29206F72206265747765656E20646966666572656E7420706C616E74732E20496E7365637420706F6C6C696E6174696F6E20616E642077696E6420706F6C6C696E6174696F6E206172652074776F206578616D706C6573206F66206E61747572616C20706F6C6C696E6174696F6E2E', X'6F6E'), (36, X'7265666F726573746174696F6E', X'7265666F726573746174696F6E', X'54686520706C616E74696E67206F6620666F726573746564206C616E64207468617420686173206265656E206C6F73742064756520746F20666972652C206C6F6767696E672C2064726F756768742C2070657374732C206F72206469736561736520746F20726573746F72652062656175747920746F20746865206C616E6473636170652C2070726F7669646520666F6F6420616E64206861626974617420666F722077696C646C6966652C20616E6420666F722072656372656174696F6E616C20616374697669746965732E', X'6F6E'), (37, X'726970617269616E207A6F6E65', X'726970617269616E207A6F6E65', X'616E2061726561206F662065636F6C6F676963616C207472616E736974696F6E206265747765656E207468652061717561746963207A6F6E6520616E64207468652075706C616E64207A6F6E652E', X'6F6E'), (38, X'726F6F7473746F636B', X'726F6F7473746F636B', X'54686520726F6F742075706F6E20776869636820746865207363696F6E20697320677261667465642E', X'6F6E'), (39, X'73616D617261', X'73616D617261', X'57696E6765642066727569742E', X'6F6E'), (40, X'7363696F6E', X'7363696F6E', X'5468652070617274206F6620746865207472656520746861742069732067726166746564206F722062756464656420746F20726F6F7473746F636B2E', X'6F6E'), (41, X'73656C662D66657274696C65202F2073656C662D706F6C6C696E6174696E67', X'73656C662D66657274696C652D2D2D73656C662D706F6C6C696E6174696E67', X'46657274696C65206279206D65616E73206F6620697473206F776E20706F6C6C656E3B2074686973206D616B6573206974207468656F7265746963616C6C7920706F737369626C6520666F7220626F746820706F6C6C656E20616E64206F76756C657320746F20756E69746520616E642070726F6475636520667275697420776974686F75742061207365636F6E642074726565206265696E672070726573656E742E', X'6F6E'), (42, X'73696D706C65206C656166', X'73696D706C652D6C656166', X'412073696E676C65206C65616620626C6164652077697468206120627564206174207468652062617365206F6620746865206C6561667374656D2E', X'6F6E'), (43, X'73696E7573', X'73696E7573', X'496E64656E746174696F6E206265747765656E206C6F626573206F6E2061206C6561662E', X'6F6E'), (44, X'73706563696D656E2074726565', X'73706563696D656E2D74726565', X'41207472656520706C6163656420736F2070656F706C652063616E206761696E2074686520677265617465737420656E6A6F796D656E7420666F722074686520636F6C6F722C20746578747572652C207363656E742C206F72206F7468657220706C656173757265732069742070726F76696465732E', X'6F6E'), (45, X'7370757273', X'7370757273', X'5374756262792C206F6674656E2073686172702074776967732E', X'6F6E'), (46, X'7465657468', X'7465657468', X'4E6F7463686573206F6E20746865206F757465722065646765206F662061206C6561662E', X'6F6E'), (47, X'747269706C6F6964', X'747269706C6F6964', X'486176696E672074687265652073657473206F66206368726F6D6F736F6D657320726174686572207468616E2074686520757375616C2074776F2E204173206120726573756C742C2074686520706F6C6C656E2069732073746572696C652E', X'6F6E'), (48, X'786572697363617065', X'786572697363617065', X'536176696E67207761746572207768696C65206D61696E7461696E696E6720747265657320616E64206F7468657220706C616E747320696E20746865206C616E6473636170652E', X'6F6E');
