INSERT INTO `bigtree_callouts` (`id`, `name`, `description`, `display_default`, `display_field`, `resources`, `level`, `position`) VALUES ('flexible-callout', 'Flexible Callout', '', 'Flexible', 'title', '[{\"id\":\"title\",\"title\":\"Title\",\"subtitle\":\"\",\"type\":\"text\"},{\"id\":\"image\",\"title\":\"Image\",\"subtitle\":\"(minimum width of 475px)\",\"type\":\"upload\",\"image\":\"on\",\"min_width\":\"475\",\"min_height\":\"\",\"preview_prefix\":\"\",\"retina\":\"on\",\"thumbs\":{\"1\":{\"prefix\":\"\",\"width\":\"475\",\"height\":\"\",\"grayscale\":\"\"}}},{\"id\":\"caption\",\"title\":\"Image Caption\",\"subtitle\":\"\",\"type\":\"text\"},{\"id\":\"description\",\"title\":\"Description\",\"subtitle\":\"\",\"type\":\"html\",\"simple\":\"on\"},{\"id\":\"link\",\"title\":\"Link\",\"subtitle\":\"(include http:\\/\\/)\",\"type\":\"text\",\"validation\":\"\",\"sub_type\":\"website\"},{\"id\":\"link_title\",\"title\":\"Link Title\",\"subtitle\":\"(defaults to &quot;Read More&quot;)\",\"type\":\"text\"}]', 0, 0);

INSERT INTO `bigtree_field_types` (`id`, `name`, `pages`, `modules`, `callouts`, `settings`) VALUES ('image-color-sample', 'Image Color Sample', '', 'on', '', '');

INSERT INTO `bigtree_module_groups` (`id`, `name`, `route`, `position`) VALUES (1, 'Home', 'home', 3), (2, 'Blog', 'blog', 2), (3, 'Glossary', 'glossary', 1);

INSERT INTO `bigtree_modules` (`id`, `group`, `name`, `route`, `class`, `icon`, `gbp`, `position`) VALUES (1, 1, 'Features', 'sample-features', 'SampleFeatures', 'picture', '{\"name\":\"\",\"table\":\"\",\"other_table\":\"\"}', 0), (7, 2, 'Posts', 'btx-dogwood-blog', 'BTXDogwood', 'news', '{\"enabled\":\"on\",\"name\":\"Author\",\"table\":\"btx_dogwood_posts\",\"group_field\":\"author\",\"other_table\":\"btx_dogwood_authors\",\"title_field\":\"name\"}', 0), (8, 2, 'Authors', 'btx-dogwood-authors', '', 'user', '{\"name\":\"\",\"table\":\"\",\"other_table\":\"\"}', 0), (9, 2, 'Categories', 'btx-dogwood-categories', '', 'category', '{\"name\":\"\",\"table\":\"\",\"other_table\":\"\"}', 0), (10, 3, 'Terms', 'sample-glossary', 'SampleGlossary', 'blog', '{\"name\":\"\",\"table\":\"\",\"other_table\":\"\"}', 0);

INSERT INTO `bigtree_module_actions` (`id`, `module`, `name`, `route`, `in_nav`, `form`, `view`, `class`, `level`, `position`) VALUES (4, 1, 'View Features', '', 'on', 0, 1, 'list', 0, 0), (5, 1, 'Add Feature', 'add', 'on', 1, 0, 'add', 0, 0), (6, 1, 'Edit Feature', 'edit', '', 1, 0, 'edit', 0, 0), (7, 7, 'View Posts', '', 'on', 0, 3, 'list', 0, 0), (8, 7, 'Add Post', 'add', 'on', 3, 0, 'add', 0, 0), (9, 7, 'Edit Post', 'edit', '', 3, 0, 'edit', 0, 0), (10, 7, 'Settings', 'settings', 'on', 0, 0, 'setup', 0, 0), (11, 8, 'View Authors', '', 'on', 0, 4, 'list', 0, 0), (12, 8, 'Add Author', 'add', 'on', 5, 0, 'add', 0, 0), (13, 8, 'Edit Author', 'edit', '', 5, 0, 'edit', 0, 0), (14, 9, 'View Categories', '', 'on', 0, 5, 'list', 0, 0), (15, 9, 'Add Category', 'add', 'on', 7, 0, 'add', 0, 0), (16, 9, 'Edit Category', 'edit', '', 7, 0, 'edit', 0, 0), (17, 10, 'View Terms', '', 'on', 0, 6, 'list', 0, 0), (18, 10, 'Add Term', 'add', 'on', 8, 0, 'add', 0, 0), (19, 10, 'Edit Term', 'edit', '', 8, 0, 'edit', 0, 0);

INSERT INTO `bigtree_module_forms` (`id`, `title`, `preprocess`, `callback`, `table`, `fields`, `positioning`, `default_position`, `return_view`, `return_url`, `tagging`) VALUES (1, 'Feature', '', '', 'sample_features', '{\"image\":{\"directory\":\"images\\/features\\/\",\"image\":\"on\",\"min_width\":\"1400\",\"min_height\":\"625\",\"preview_prefix\":\"t_\",\"crops\":[{\"prefix\":\"xlrg_\",\"width\":\"1400\",\"height\":\"625\",\"grayscale\":\"\",\"thumbs\":{\"1\":{\"prefix\":\"t_\",\"width\":\"200\",\"height\":\"\",\"grayscale\":\"\"}}}],\"type\":\"upload\",\"title\":\"Image\",\"subtitle\":\"(minimum size of 1400x625)\"},\"background\":{\"source\":\"image\",\"type\":\"image-color-sample\",\"title\":\"Background\",\"subtitle\":\"\"},\"title\":{\"type\":\"text\",\"title\":\"Title\",\"subtitle\":\"\"},\"description\":{\"type\":\"textarea\",\"title\":\"Description\",\"subtitle\":\"\"},\"link\":{\"type\":\"text\",\"title\":\"Link\",\"subtitle\":\"Including \'http:\\/\\/\'\"},\"image_credit\":{\"type\":\"textarea\",\"title\":\"Image Credit\",\"subtitle\":\"\"},\"image_link\":{\"type\":\"text\",\"title\":\"Image Link\",\"subtitle\":\"Including \'http:\\/\\/\'\"}}', '', 'Bottom', NULL, '', ''), (3, 'Post', 'BTXDogwood::updatePost', '', 'btx_dogwood_posts', '{\"author\":{\"list_type\":\"db\",\"allow-empty\":\"No\",\"list\":[{\"value\":\"\",\"description\":\"\"},{\"value\":\"\",\"description\":\"\"}],\"pop-table\":\"btx_dogwood_authors\",\"pop-description\":\"name\",\"pop-sort\":\"name ASC\",\"type\":\"list\",\"title\":\"Author\",\"subtitle\":\"\"},\"date\":{\"default_today\":\"on\",\"type\":\"date\",\"title\":\"Date\",\"subtitle\":\"\"},\"title\":{\"title\":\"Title\",\"subtitle\":\"\",\"type\":\"text\"},\"blurb\":{\"title\":\"Blurb\",\"subtitle\":\"\",\"type\":\"html\"},\"content\":{\"title\":\"Full Post\",\"subtitle\":\"\",\"type\":\"html\"},\"image\":{\"directory\":\"images\\/dogwood\\/\",\"image\":\"on\",\"min_width\":\"300\",\"min_height\":\"300\",\"preview_prefix\":\"thumb_\",\"crops\":[{\"prefix\":\"\",\"width\":\"300\",\"height\":\"300\",\"thumbs\":{\"1\":{\"prefix\":\"thumb_\",\"width\":\"200\",\"height\":\"\"}}}],\"type\":\"upload\",\"title\":\"Image\",\"subtitle\":\"(crops to 300x300)\"},\"caption\":{\"title\":\"Caption\",\"subtitle\":\"\",\"type\":\"text\"},\"mtm_1\":{\"mtm-connecting-table\":\"btx_dogwood_post_categories\",\"mtm-my-id\":\"post\",\"mtm-other-id\":\"category\",\"mtm-other-table\":\"btx_dogwood_categories\",\"mtm-other-descriptor\":\"title\",\"mtm-sort\":\"title ASC\",\"mtm-list-parser\":\"\",\"type\":\"many_to_many\",\"title\":\"Categories\",\"subtitle\":\"\"},\"external_link\":{\"title\":\"External Link\",\"subtitle\":\"(if this blog post is just a link to another site)\",\"type\":\"text\"},\"publish_date\":{\"title\":\"Publication Date\",\"subtitle\":\"(leave blank to become live immediately)\",\"type\":\"date\"},\"route\":{\"source\":\"title\",\"keep_original\":\"on\",\"type\":\"route\",\"title\":\"Route\",\"subtitle\":\"\"}}', '', '', NULL, '', 'on'), (5, 'Author', '', '', 'btx_dogwood_authors', '{\"user\":{\"validation\":\"required\",\"list_type\":\"db\",\"allow-empty\":\"Yes\",\"pop-table\":\"bigtree_users\",\"pop-description\":\"name\",\"pop-sort\":\"name ASC\",\"type\":\"list\",\"title\":\"BigTree User\",\"subtitle\":\"\"},\"name\":{\"validation\":\"required\",\"sub_type\":\"\",\"type\":\"text\",\"title\":\"Name\",\"subtitle\":\"\"},\"title\":{\"type\":\"text\",\"title\":\"Title\",\"subtitle\":\"\"},\"biography\":{\"title\":\"Biography\",\"subtitle\":\"\",\"type\":\"html\"},\"image\":{\"directory\":\"images\\/dogwood\\/\",\"image\":\"on\",\"min_width\":\"200\",\"min_height\":\"200\",\"preview_prefix\":\"\",\"crops\":[{\"prefix\":\"\",\"width\":\"200\",\"height\":\"200\",\"thumbs\":{\"1\":{\"prefix\":\"sm_\",\"width\":\"60\",\"height\":\"60\"}}}],\"type\":\"upload\",\"title\":\"Image\",\"subtitle\":\"(crops to 200x200)\"},\"twitter\":{\"title\":\"Twitter Username\",\"subtitle\":\"(optional)\",\"type\":\"text\"},\"route\":{\"source\":\"name\",\"keep_original\":\"on\",\"type\":\"route\",\"title\":\"Route\",\"subtitle\":\"\"}}', '', 'Bottom', NULL, '', ''), (7, 'Category', '', '', 'btx_dogwood_categories', '{\"title\":{\"title\":\"Title\",\"subtitle\":\"\",\"type\":\"text\"},\"route\":{\"source\":\"title\",\"keep_original\":\"on\",\"type\":\"route\",\"title\":\"Route\",\"subtitle\":\"\"}}', '', 'Bottom', NULL, '', ''), (8, 'Term', '', '', 'sample_glossary', '{\"term\":{\"title\":\"Term\",\"subtitle\":\"\",\"type\":\"text\"},\"description\":{\"title\":\"Description\",\"subtitle\":\"\",\"type\":\"textarea\"},\"route\":{\"source\":\"term\",\"type\":\"route\",\"title\":\"Route\",\"subtitle\":\"\"}}', '', '', NULL, '', '');

INSERT INTO `bigtree_module_views` (`id`, `title`, `description`, `type`, `table`, `fields`, `options`, `actions`, `suffix`, `preview_url`) VALUES (1, 'Features', '', 'images', 'sample_features', '{\"image\":{\"width\":\"682\",\"title\":\"Image\",\"parser\":\"\"}}', '{\"draggable\":\"on\",\"prefix\":\"t_\",\"image\":\"image\"}', '{\"approve\":\"on\",\"edit\":\"on\",\"delete\":\"on\"}', '', ''), (3, 'Posts', '', 'searchable', 'btx_dogwood_posts', '{\"author\":{\"title\":\"Author\",\"parser\":\"$ff = sqlfetch(sqlquery(\\\"SELECT * FROM btx_dogwood_authors WHERE id = \'$value\'\\\")); $value = $ff[\\\"name\\\"];\"},\"date\":{\"title\":\"Date\",\"parser\":\"\"},\"title\":{\"title\":\"Title\",\"parser\":\"\"}}', 'null', '{\"feature\":\"on\",\"edit\":\"on\",\"delete\":\"on\"}', '', 'ipl://2//WyJwcmV2aWV3Il0='), (4, 'Authors', '', 'draggable', 'btx_dogwood_authors', '{\"name\":{\"title\":\"Name\",\"parser\":\"\",\"width\":744}}', '', '{\"edit\":\"on\",\"delete\":\"on\"}', '', ''), (5, 'Categories', '', 'draggable', 'btx_dogwood_categories', '{\"title\":{\"title\":\"Title\",\"parser\":\"\",\"width\":744}}', '', '{\"edit\":\"on\",\"delete\":\"on\"}', '', ''), (6, 'Terms', '', 'searchable', 'sample_glossary', '{\"term\":{\"title\":\"Term\",\"parser\":\"\",\"width\":\"205\"},\"description\":{\"title\":\"Description\",\"parser\":\"\",\"width\":\"457\"}}', '{\"sort\":\"term ASC\",\"per_page\":\"15\",\"filter\":\"\"}', '{\"approve\":\"on\",\"edit\":\"on\",\"delete\":\"on\"}', '', '');

DELETE FROM `bigtree_pages`;
ALTER TABLE `bigtree_pages` AUTO_INCREMENT = 1;
INSERT INTO `bigtree_pages` (`id`, `trunk`, `parent`, `in_nav`, `nav_title`, `route`, `path`, `title`, `meta_keywords`, `meta_description`, `template`, `external`, `new_window`, `resources`, `callouts`, `archived`, `archived_inherited`, `publish_at`, `expire_at`, `max_age`, `last_edited_by`, `ga_page_views`, `position`, `created_at`, `updated_at`) VALUES (1, '', -1, '', 'Trees of Large Sizes', '', '', 'Trees of Large Sizes', '', '', 'home', '', '', '[]', '[{\"title\":\"Mr. T Can Chop Down 20 Trees Per Hour\",\"image\":\"{staticroot}files\\/pages\\/wood_grain.jpg\",\"caption\":\"By Jos., GFDL or CC-BY-3.0, via Wikimedia Commons\",\"description\":\"<p>In July 1976, Tureaud\'s platoon sergeant punished him by giving him the detail of chopping down trees during training camp at Fort McCoy in Wisconsin, but did not tell him how many trees, so Tureaud single-handedly chopped down over seventy trees from 6:30 am to 10:00 am, until a shocked major superseded the sergeant\'s orders.<\\/p>\\r\\n<p>Later in life, Tureaud angered the residents of a Chicago suburb called Lake Forest, by cutting down more than a hundred oak trees on his estate. The incident is now referred to as \\\"The Lake Forest Chain Saw Massacre\\\"<\\/p>\",\"link\":\"http:\\/\\/en.wikipedia.org\\/wiki\\/Mr._T\",\"link_title\":\"Read More on Wikipedia\",\"type\":\"flexible-callout\",\"display_title\":\"Mr. T Can Chop Down 20 Trees Per Hour\"}]', '', '', NULL, NULL, 0, 1, 0, 1, '0000-00-00 00:00:00', '2012-10-31 11:13:10'), (2, '', 0, 'on', 'Tree Blog', 'tree-blog', 'tree-blog', 'Tree Blog', '', '', 'btx-dogwood-blog', '', '', '[]', '[]', '', '', NULL, NULL, 0, 1, 0, 0, '2012-06-20 15:12:14', '2012-06-25 12:06:56'), (3, '', 0, 'on', 'Glossary', 'glossary', 'glossary', 'Glossary', '', '', 'glossary', '', '', '{\"page_header\":\"Glossary of Tree Terminology\",\"page_content\":\"<p><em>Source: <a href=\\\"http:\\/\\/www.arborday.org\\/trees\\/treeguide\\/glossary.cfm\\\" target=\\\"_blank\\\">Arbor Day Foundation<\\/a><\\/em><\\/p>\"}', '[]', '', '', NULL, NULL, 0, 1, 0, 0, '2012-06-20 15:12:54', '2012-07-10 13:12:20'), (4, '', 0, 'on', 'About', 'about', 'about', 'About', '', '', 'content', '', '', '{\"page_header\":\"About the BigTree Sample Site\",\"page_content\":\"<p>This site is distributed as a technical demonstration of the open source software product BigTree CMS. All content and photographs are sourced from Wikipedia and Wikimedia Commons and are subject to the distribution rights of their respected licenses. We are not tree experts nor do we intend for this site to be used as a factual reference. The design elements and code used to make this site are licensed under the LGPL license.<\\/p>\\r\\n<h2>Fonts<\\/h2>\\r\\n<h4>Open Sans<\\/h4>\\r\\n<div class=\\\"description\\\">\\r\\n<p>Open Sans is a humanist sans serif typeface designed by Steve Matteson, Type Director of Ascender Corp. This version contains the complete 897 character set, which includes the standard ISO Latin 1, Latin CE, Greek and Cyrillic character sets. Open Sans was designed with an upright stress, open forms and a neutral, yet friendly appearance. It was optimized for print, web, and mobile interfaces, and has excellent legibility characteristics in its letterforms.<br \\/><a href=\\\"https:\\/\\/www.google.com\\/webfonts\\/specimen\\/Open+Sans\\\" target=\\\"_blank\\\">Download Open Sans<\\/a><\\/p>\\r\\n<h4>Gentium Basic<\\/h4>\\r\\n<p>Gentium Basic and Gentium Book Basic are font families based on the original Gentium design, but with additional weights. The \\\"Book\\\" family is slightly heavier. Both families come with a complete regular, bold, italic and bold italic set of fonts.<br \\/><a href=\\\"https:\\/\\/www.google.com\\/webfonts\\/specimen\\/Gentium+Basic\\\" target=\\\"_blank\\\">Download Gentium Basic<\\/a><\\/p>\\r\\n<\\/div>\",\"photo_file\":\"\",\"photo_caption\":\"\"}', '[{\"title\":\"What Is BigTree?\",\"image\":\"{staticroot}files\\/pages\\/bigtree_icon.png\",\"caption\":\"\",\"description\":\"<p>BigTree CMS is an open source content management system built on PHP and MySQL. It was created by &mdash; and for &mdash; user experience and content strategy experts.<\\/p>\",\"link\":\"http:\\/\\/www.bigtreecms.org\",\"link_title\":\"\",\"type\":\"flexible-callout\",\"display_title\":\"What Is BigTree?\"}]', '', '', NULL, NULL, 0, 1, 2848, 0, '2012-06-20 15:13:12', '2012-10-31 13:45:55'), (5, '', 4, 'on', 'A Sub Page', 'a-sub-page', 'about/a-sub-page', 'A Sub Page', '', '', 'content', '', '', '{\"page_header\":\"A Sub Page\",\"page_content\":\"<p>In Condimentum Facilisis Porta<\\/p>\\r\\n<p>Lorem ipsum dolor sit amet, consectetur adipiscing elit. Nullam in dui mauris. Vivamus hendrerit arcu sed erat molestie vehicula. Sed auctor neque eu tellus rhoncus ut eleifend nibh porttitor. Ut in nulla enim. Phasellus molestie magna non est bibendum non venenatis nisl tempor. Suspendisse dictum feugiat nisl ut dapibus. Mauris iaculis porttitor posuere. Praesent id metus massa, ut blandit odio. Proin quis tortor orci. Etiam at risus et justo dignissim congue. Donec congue lacinia dui, a porttitor lectus condimentum laoreet. Nunc eu ullamcorper orci. Quisque eget odio ac lectus vestibulum faucibus eget in metus. In pellentesque faucibus vestibulum. Nulla at nulla justo, eget luctus tortor. Nulla facilisi. Duis aliquet egestas purus in blandit. Curabitur vulputate, ligula lacinia scelerisque tempor, lacus lacus ornare ante, ac egestas.<\\/p>\\r\\n<p>Est urna sit amet arcu. Class aptent taciti sociosqu ad litora torquent per conubia nostra, per inceptos himenaeos. Sed molestie augue sit amet leo consequat posuere. Vestibulum ante ipsum primis in faucibus orci luctus et ultrices posuere cubilia Curae; Proin vel ante a orci tempus eleifend ut et magna. Lorem ipsum dolor sit amet, consectetur adipiscing elit. Vivamus luctus urna sed urna ultricies ac tempor dui sagittis. In condimentum facilisis porta. Sed nec diam eu diam mattis viverra. Nulla fringilla, orci ac euismod semper.<\\/p>\\r\\n<p>Magna diam porttitor mauris.<\\/p>\",\"photo_file\":\"{staticroot}files\\/pages\\/uss_sea_owl0840501.jpg\",\"photo_caption\":\"USS Sea Owl\"}', '[]', '', '', '2012-10-06', NULL, 0, 1, 0, 0, '2012-07-16 11:59:25', '2012-10-31 13:04:03'), (6, '', 4, 'on', 'Another Sub Page', 'another-sub-page', 'about/another-sub-page', 'Another Sub Page', '', '', 'content', '', '', '{\"page_header\":\"Another Sub Page\",\"page_content\":\"<p>Lorem Ipsum Dolor Sit Amet, Consectetur<\\/p>\\r\\n<p>Lorem ipsum dolor sit amet, consectetur adipiscing elit. Nullam in dui mauris. Vivamus hendrerit arcu sed erat molestie vehicula. Sed auctor neque eu tellus rhoncus ut eleifend nibh porttitor. Ut in nulla enim. Phasellus molestie magna non est bibendum non venenatis nisl tempor. Suspendisse dictum feugiat nisl ut dapibus. Mauris iaculis porttitor posuere. Praesent id metus massa, ut blandit odio. Proin quis tortor orci. Etiam at risus et justo dignissim congue. Donec congue lacinia dui, a porttitor lectus condimentum laoreet. Nunc eu ullamcorper orci. Quisque eget odio ac lectus vestibulum faucibus eget in metus. In pellentesque faucibus vestibulum. Nulla at nulla justo, eget luctus tortor. Nulla facilisi. Duis aliquet egestas purus in blandit. Curabitur vulputate, ligula lacinia scelerisque tempor, lacus lacus ornare ante, ac egestas.<\\/p>\\r\\n<p>Est urna sit amet arcu. Class aptent taciti sociosqu ad litora torquent per conubia nostra, per inceptos himenaeos. Sed molestie augue sit amet leo consequat posuere. Vestibulum ante ipsum primis in faucibus orci luctus et ultrices posuere cubilia Curae; Proin vel ante a orci tempus eleifend ut et magna. Lorem ipsum dolor sit amet, consectetur adipiscing elit. Vivamus luctus urna sed urna ultricies ac tempor dui sagittis. In condimentum facilisis porta. Sed nec diam eu diam mattis viverra. Nulla fringilla, orci ac euismod semper.<\\/p>\\r\\n<p>Magna diam porttitor mauris.<\\/p>\\r\\n<p>Quis sollicitudin sapien justo in libero. Vestibulum mollis mauris enim. Morbi euismod magna ac lorem rutrum elementum. Donec viverra auctor lobortis. Pellentesque eu est a nulla placerat dignissim. Morbi a enim in magna semper bibendum. Etiam scelerisque, nunc ac egestas consequat, odio nibh euismod nulla, eget auctor orci nibh vel nisi. Aliquam erat volutpat. Mauris vel neque sit amet nunc.<\\/p>\\r\\n<p>Gravida congue sed sit amet purus. Quisque lacus quam, egestas ac tincidunt a, lacinia vel velit. Aenean facilisis nulla vitae urna tincidunt congue sed ut dui. Morbi malesuada nulla nec purus convallis consequat. Vivamus id mollis quam. Morbi ac commodo nulla. In condimentum orci id nisl volutpat bibendum. Quisque commodo hendrerit lorem quis egestas. Maecenas quis tortor arcu. Vivamus rutrum nunc non neque consectetur quis placerat neque lobortis. Nam vestibulum, arcu sodales feugiat consectetur, nisl orci bibendum elit, eu euismod magna sapien ut nibh. Donec semper quam scelerisque tortor dictum gravida. In hac habitasse platea dictumst. Nam pulvinar, odio sed rhoncus suscipit, sem diam ultrices mauris, eu consequat purus metus eu.<\\/p>\\r\\n<p>Velit. Proin metus odio, aliquam eget molestie nec, gravida ut sapien. Phasellus quis est sed turpis sollicitudin venenatis sed eu odio. Praesent eget neque eu eros interdum malesuada non vel leo. Sed fringilla porta ligula egestas tincidunt. Nullam risus magna, ornare vitae varius eget, scelerisque a libero. Morbi eu porttitor ipsum. Nullam lorem nisi, posuere quis volutpat eget, luctus nec massa. Pellentesque aliquam lacinia tellus sit amet bibendum. Ut posuere justo in enim pretium scelerisque. Etiam ornare vehicula euismod. Vestibulum at risus augue. Sed non semper dolor. Sed fringilla consequat velit a porta. Pellentesque sed.<\\/p>\\r\\n<p>Lectus pharetra ipsum ultricies commodo non.<\\/p>\\r\\n<p>Sit amet velit. Suspendisse volutpat lobortis ipsum, in scelerisque nisi iaculis a. Duis pulvinar lacinia commodo. Integer in lorem id nibh luctus aliquam. Sed elementum, est ac sagittis porttitor, neque metus ultricies ante, in accumsan massa nisl non metus. Vivamus sagittis quam a lacus dictum tempor. Nullam in semper ipsum. Cras a est id massa malesuada tincidunt. Etiam a urna tellus. Ut rutrum vehicula dui, eu cursus magna tincidunt pretium. Donec malesuada accumsan quam, et commodo orci viverra et. Integer tincidunt sagittis lectus. Mauris ac ligula quis orci auctor tincidunt. Suspendisse odio justo, varius id posuere sit amet, iaculis sit amet orci. Suspendisse potenti. Suspendisse potenti. Aliquam erat volutpat. Sed posuere dignissim odio, nec cursus odio mollis et. Praesent cursus, orci ut dictum adipiscing, tellus.<\\/p>\",\"photo_file\":\"{staticroot}files\\/pages\\/submarine_sandwich.jpg\",\"photo_caption\":\"Submarine Sandwich\"}', '[]', '', '', NULL, NULL, 0, 1, 0, 0, '2012-07-16 12:01:33', '2012-10-31 13:04:32');
UPDATE `bigtree_pages` SET id = 0 WHERE id = 1;

INSERT INTO `bigtree_settings` (`id`, `value`, `type`, `options`, `name`, `description`, `locked`, `system`, `encrypted`) VALUES ('btx-dogwood-settings', X'7B227469746C65223A225472656520426C6F67222C227461676C696E65223A224120426C6F672041626F7574205472656573222C22646973717573223A2274726565626C6F67227D', '', '', 'Blog Settings', '', '', '1', ''), ('footer-address', X'223C703E3C7374726F6E673E4269675472656520434D533C5C2F7374726F6E673E3C6272205C2F3E203C7370616E3E323032362045617374204C6F6D6261726420537472656574203C6272205C2F3E42616C74696D6F72652C204D44203231323331203C5C2F7370616E3E3C6272205C2F3E3C6120687265663D5C226D61696C746F3A737570706F72744062696774726565636D732E6F72675C223E737570706F72744062696774726565636D732E6F72673C5C2F613E3C5C2F703E22', 'html', '', 'Footer Address', '', '', '', ''), ('footer-social-links', X'7B2230223A7B227469746C65223A2246616365626F6F6B222C227375627469746C65223A224C696B65207573206F6E2046616365626F6F6B222C226C696E6B223A22687474703A5C2F5C2F7777772E66616365626F6F6B2E636F6D5C2F42696754726565436D73227D2C2231223A7B227469746C65223A2254776974746572222C227375627469746C65223A22466F6C6C6F77207573206F6E2054776974746572222C226C696E6B223A22687474703A5C2F5C2F7777772E747769747465722E636F6D5C2F62696774726565636D73227D7D', 'array', '{\"fields\":{\"0\":{\"key\":\"title\",\"title\":\"Title\",\"type\":\"text\"},\"1\":{\"key\":\"subtitle\",\"title\":\"Sub Title\",\"type\":\"text\"},\"3\":{\"key\":\"link\",\"title\":\"Link; including \'http://\'\",\"type\":\"text\"}}}', 'Footer Social Links', '', '', '', '');

DELETE FROM `bigtree_templates`;
INSERT INTO `bigtree_templates` (`id`, `name`, `description`, `routed`, `image`, `resources`, `callouts_enabled`, `module`, `level`, `position`) VALUES ('btx-dogwood-blog', 'Blog', '', 'on', 'page-module.png', '[]', 'on', 7, 0, 2), ('content', 'Content', 'Master Content', '', 'page.png', '[{\"id\":\"page_header\",\"title\":\"Page Header\",\"subtitle\":\"\",\"type\":\"text\",\"validation\":\"required\",\"seo_h1\":\"on\",\"sub_type\":\"\",\"wrapper\":\"\",\"name\":\"\"},{\"id\":\"page_content\",\"title\":\"Page Content\",\"subtitle\":\"\",\"type\":\"html\",\"validation\":\"required\",\"seo_body\":\"on\",\"wrapper\":\"\",\"name\":\"\"},{\"id\":\"photo_file\",\"title\":\"Photo\",\"subtitle\":\"Min 300x300px\",\"type\":\"upload\",\"image\":\"on\",\"min_width\":\"300\",\"min_height\":\"300\",\"preview_prefix\":\"\",\"retina\":\"on\",\"crops\":{\"2\":{\"prefix\":\"\",\"width\":\"300\",\"height\":\"300\",\"grayscale\":\"\"}}},{\"id\":\"photo_caption\",\"title\":\"Caption\",\"subtitle\":\"\",\"type\":\"text\",\"name\":\"\"}]', 'on', 0, 0, 5), ('glossary', 'Glossary', '', 'on', 'page-module.png', '[{\"id\":\"page_header\",\"title\":\"Page Header\",\"subtitle\":\"\",\"type\":\"text\",\"validation\":\"\",\"seo_h1\":\"on\",\"sub_type\":\"\"},{\"id\":\"page_content\",\"title\":\"Page Content\",\"subtitle\":\"\",\"type\":\"html\",\"seo_body\":\"on\"}]', '', 10, 0, 2), ('home', 'Home', 'Home Page', '', 'page.png', '[]', 'on', 0, 0, 4);

CREATE TABLE `btx_dogwood_authors` (`id` int(11) NOT NULL AUTO_INCREMENT, `user` int(11) unsigned DEFAULT NULL, `name` varchar(255) NOT NULL DEFAULT '', `title` varchar(255) NOT NULL DEFAULT '', `biography` text NOT NULL, `image` varchar(255) NOT NULL DEFAULT '', `route` varchar(255) NOT NULL DEFAULT '', `position` int(11) NOT NULL, PRIMARY KEY (`id`), KEY `route` (`route`), KEY `position` (`position`), KEY `user` (`user`), CONSTRAINT `btx_dogwood_authors_ibfk_1` FOREIGN KEY (`user`) REFERENCES `bigtree_users` (`id`) ON DELETE SET NULL) ENGINE=InnoDB DEFAULT CHARSET=utf8 COLLATE=utf8_general_ci;
INSERT INTO `btx_dogwood_authors` (`id`, `user`, `name`, `title`, `biography`, `image`, `route`, `position`) VALUES (1, 1, 'BigTree', 'Editor in Chief, Tree Blog', '<p>Fusce dapibus, tellus ac cursus commodo, tortor mauris condimentum nibh, ut fermentum massa justo sit amet risus. Cras mattis consectetur purus sit amet fermentum. Donec id elit non mi porta gravida at eget metus. Donec sed odio dui. Maecenas sed diam eget risus varius blandit sit amet non magna. Sed posuere consectetur est at lobortis. Morbi leo risus, porta ac consectetur ac, vestibulum at eros.<br /><br />Nulla vitae elit libero, a pharetra augue. Morbi leo risus, porta ac consectetur ac, vestibulum at eros. Aenean lacinia bibendum nulla sed consectetur. Aenean lacinia bibendum nulla sed consectetur. Integer posuere erat a ante venenatis dapibus posuere velit aliquet.</p>', '{staticroot}images/dogwood/bigtree_icon.png', 'bigtree', 0);

CREATE TABLE `btx_dogwood_categories` (`id` int(11) NOT NULL AUTO_INCREMENT, `title` varchar(255) NOT NULL DEFAULT '', `route` varchar(255) NOT NULL DEFAULT '', `position` int(11) NOT NULL, PRIMARY KEY (`id`), KEY `position` (`position`), KEY `route` (`route`)) ENGINE=InnoDB DEFAULT CHARSET=utf8 COLLATE=utf8_general_ci;
INSERT INTO `btx_dogwood_categories` (`id`, `title`, `route`, `position`) VALUES (2, 'Tech', 'tech', 0), (3, 'Interview', 'interview', 0), (4, 'Design', 'design', 0), (5, 'Baltimore', 'baltimore', 0), (6, 'Art', 'art', 0);

CREATE TABLE `btx_dogwood_posts` (`id` int(11) NOT NULL AUTO_INCREMENT, `author` int(11) NOT NULL, `date` datetime DEFAULT NULL, `title` varchar(255) NOT NULL DEFAULT '', `blurb` text NOT NULL, `content` longtext NOT NULL, `image` varchar(255) NOT NULL DEFAULT '', `caption` varchar(255) DEFAULT NULL, `external_link` varchar(255) NOT NULL DEFAULT '', `publish_date` datetime DEFAULT NULL, `route` varchar(255) NOT NULL DEFAULT '', `featured` char(2) DEFAULT NULL, PRIMARY KEY (`id`), KEY `author` (`author`), KEY `date` (`date`), KEY `featured` (`featured`), KEY `publish_date` (`publish_date`), CONSTRAINT `btx_dogwood_posts_ibfk_1` FOREIGN KEY (`author`) REFERENCES `btx_dogwood_authors` (`id`) ON DELETE CASCADE) ENGINE=InnoDB DEFAULT CHARSET=utf8 COLLATE=utf8_general_ci;
INSERT INTO `btx_dogwood_posts` (`id`, `author`, `date`, `title`, `blurb`, `content`, `image`, `caption`, `external_link`, `publish_date`, `route`, `featured`) VALUES (1, 1, '2012-06-14 00:00:00', 'Lorem ipsum dolor sit amet, consectetur adipiscing elit.', '<p>Vestibulum id ligula porta felis euismod semper. Donec id elit non mi porta gravida at eget metus. Cum sociis natoque penatibus et magnis dis parturient montes, nascetur ridiculus mus. Donec sed odio dui. Curabitur blandit tempus porttitor.</p>', '<p>Donec ullamcorper nulla non metus auctor fringilla. Fusce dapibus, tellus ac cursus commodo, tortor mauris condimentum nibh, ut fermentum massa justo sit amet risus. Maecenas sed diam eget risus varius blandit sit amet non magna. Duis mollis, est non commodo luctus, nisi erat porttitor ligula, eget lacinia odio sem nec elit. Sed posuere consectetur est at lobortis. Cum sociis natoque penatibus et magnis dis parturient montes, nascetur ridiculus mus. Integer posuere erat a ante venenatis dapibus posuere velit aliquet.<br /><br />Duis mollis, est non commodo luctus, nisi erat porttitor ligula, eget lacinia odio sem nec elit. Morbi leo risus, porta ac consectetur ac, vestibulum at eros. Cras justo odio, dapibus ac facilisis in, egestas eget quam. Vivamus sagittis lacus vel augue laoreet rutrum faucibus dolor auctor.<br /><br />Nullam quis risus eget urna mollis ornare vel eu leo. Donec ullamcorper nulla non metus auctor fringilla. Cras mattis consectetur purus sit amet fermentum. Praesent commodo cursus magna, vel scelerisque nisl consectetur et. Aenean eu leo quam. Pellentesque ornare sem lacinia quam venenatis vestibulum.<br /><br />Nullam quis risus eget urna mollis ornare vel eu leo. Sed posuere consectetur est at lobortis. Fusce dapibus, tellus ac cursus commodo, tortor mauris condimentum nibh, ut fermentum massa justo sit amet risus. Aenean lacinia bibendum nulla sed consectetur. Cras justo odio, dapibus ac facilisis in, egestas eget quam. Fusce dapibus, tellus ac cursus commodo, tortor mauris condimentum nibh, ut fermentum massa justo sit amet risus. Integer posuere erat a ante venenatis dapibus posuere velit aliquet.</p>', '', '', '', NULL, 'lorem-ipsum-dolor-sit-amet-consectetur-adipiscing-elit', NULL), (2, 1, '2012-06-25 00:00:00', 'Nulla vitae elit libero, a pharetra augue.', '<p>Nullam id dolor id nibh ultricies vehicula ut id elit. Aenean eu leo quam. Pellentesque ornare sem lacinia quam venenatis vestibulum. Vivamus sagittis lacus vel augue laoreet rutrum faucibus dolor auctor. Cras justo odio, dapibus ac facilisis in, egestas eget quam. Sed posuere consectetur est at lobortis. Nullam quis risus eget urna mollis ornare vel eu leo.</p>', '<p>Morbi leo risus, porta ac consectetur ac, vestibulum at eros. Nullam quis risus eget urna mollis ornare vel eu leo. Integer posuere erat a ante venenatis dapibus posuere velit aliquet. Integer posuere erat a ante venenatis dapibus posuere velit aliquet. Aenean lacinia bibendum nulla sed consectetur. Donec sed odio dui.<br /><br />Etiam porta sem malesuada magna mollis euismod. Maecenas sed diam eget risus varius blandit sit amet non magna. Donec sed odio dui. Cras justo odio, dapibus ac facilisis in, egestas eget quam. Donec id elit non mi porta gravida at eget metus. Integer posuere erat a ante venenatis dapibus posuere velit aliquet. Cum sociis natoque penatibus et magnis dis parturient montes, nascetur ridiculus mus.<br /><br />Donec ullamcorper nulla non metus auctor fringilla. Fusce dapibus, tellus ac cursus commodo, tortor mauris condimentum nibh, ut fermentum massa justo sit amet risus. Donec sed odio dui. Praesent commodo cursus magna, vel scelerisque nisl consectetur et. Aenean lacinia bibendum nulla sed consectetur. Sed posuere consectetur est at lobortis. Etiam porta sem malesuada magna mollis euismod. Nullam quis risus eget urna mollis ornare vel eu leo. Maecenas sed diam eget risus varius blandit sit amet non magna. Cras mattis consectetur purus sit amet fermentum. Nulla vitae elit libero, a pharetra augue.</p>', '', '', '', NULL, 'nulla-vitae-elit-libero-a-pharetra-augue', NULL), (3, 1, '2012-07-10 00:00:00', 'Vestibulum id ligula porta ', '', '<p>Etiam porta sem malesuada magna mollis euismod. Nullam quis risus eget urna mollis ornare vel eu leo. Etiam porta sem malesuada magna mollis euismod. Sed posuere consectetur est at lobortis.</p>\r\n<p>Morbi leo risus, porta ac consectetur ac, vestibulum at eros. Maecenas faucibus mollis interdum. Curabitur blandit tempus porttitor. Lorem ipsum dolor sit amet, consectetur adipiscing elit. Cras mattis consectetur purus sit amet fermentum. Cras mattis consectetur purus sit amet fermentum.</p>', '', '', '', NULL, 'vestibulum-id-ligula-porta', NULL), (4, 1, '2012-07-10 00:00:00', 'Donec id elit non mi', '', '<p>Praesent commodo cursus magna, vel scelerisque nisl consectetur et. Fusce dapibus, tellus ac cursus commodo, tortor mauris condimentum nibh, ut fermentum massa justo sit amet risus. Cum sociis natoque penatibus et magnis dis parturient montes, nascetur ridiculus mus. Nullam quis risus eget urna mollis ornare vel eu leo. Vivamus sagittis lacus vel augue laoreet rutrum faucibus dolor auctor. Duis mollis, est non commodo luctus, nisi erat porttitor ligula, eget lacinia odio sem nec elit. Fusce dapibus, tellus ac cursus commodo, tortor mauris condimentum nibh, ut fermentum massa justo sit amet risus.</p>\r\n<p>Lorem ipsum dolor sit amet, consectetur adipiscing elit. Maecenas sed diam eget risus varius blandit sit amet non magna. Maecenas sed diam eget risus varius blandit sit amet non magna. Lorem ipsum dolor sit amet, consectetur adipiscing elit.</p>\r\n<p>Etiam porta sem malesuada magna mollis euismod. Donec ullamcorper nulla non metus auctor fringilla. Duis mollis, est non commodo luctus, nisi erat porttitor ligula, eget lacinia odio sem nec elit. Aenean lacinia bibendum nulla sed consectetur. Vivamus sagittis lacus vel augue laoreet rutrum faucibus dolor auctor. Nulla vitae elit libero, a pharetra augue.</p>', '', '', '', NULL, 'donec-id-elit-non-mi', NULL);

CREATE TABLE `btx_dogwood_post_categories` (`id` int(11) NOT NULL AUTO_INCREMENT, `post` int(11) DEFAULT NULL, `category` int(11) DEFAULT NULL, PRIMARY KEY (`id`), KEY `post` (`post`), KEY `category` (`category`), CONSTRAINT `btx_dogwood_post_categories_ibfk_2` FOREIGN KEY (`category`) REFERENCES `btx_dogwood_categories` (`id`) ON DELETE CASCADE, CONSTRAINT `btx_dogwood_post_categories_ibfk_1` FOREIGN KEY (`post`) REFERENCES `btx_dogwood_posts` (`id`) ON DELETE CASCADE) ENGINE=InnoDB DEFAULT CHARSET=utf8 COLLATE=utf8_general_ci;
INSERT INTO `btx_dogwood_post_categories` (`id`, `post`, `category`) VALUES (1, 4, 5), (2, 3, 5), (3, 3, 6), (4, 2, 5), (5, 2, 4), (6, 1, 5), (7, 1, 3), (8, 1, 2);

CREATE TABLE `sample_features` (`id` int(11) unsigned NOT NULL AUTO_INCREMENT, `image` varchar(255) NOT NULL DEFAULT '', `background` varchar(255) NOT NULL DEFAULT '', `title` varchar(255) NOT NULL DEFAULT '', `description` varchar(255) NOT NULL DEFAULT '', `link` varchar(255) NOT NULL DEFAULT '', `image_credit` varchar(255) NOT NULL DEFAULT '', `image_link` varchar(255) NOT NULL DEFAULT '', `position` int(11) NOT NULL, `approved` char(2) NOT NULL DEFAULT '', PRIMARY KEY (`id`), KEY `position` (`position`), KEY `approved` (`approved`)) ENGINE=InnoDB DEFAULT CHARSET=utf8 COLLATE=utf8_general_ci;
INSERT INTO `sample_features` (`id`, `image`, `background`, `title`, `description`, `link`, `image_credit`, `image_link`, `position`, `approved`) VALUES (1, '{staticroot}images/features/sequoia_sempervirens_bigsur.jpg', '003333', 'Sequoia', 'Sequoia is a genus of redwood coniferous trees in the Sequoioideae subfamily, of the Cupressaceae family. The only extant species of the genus is the Sequoia sempervirens in the Northern California coastal forests ecoregion of Northern California and Sout', 'http://en.wikipedia.org/wiki/Sequoia_%28genus%29', 'Giles Douglas, CC-BY-2.0, via Wikimedia Commons', 'http://commons.wikimedia.org/wiki/File%3ASequoia_sempervirens_BigSur.jpg', 4, 'on'), (2, '{staticroot}images/features/linde_von_linn.jpg', '333333', 'Tilia Cordata', 'Integer posuere erat a ante venenatis dapibus posuere velit aliquet. Etiam porta sem malesuada magna mollis euismod. Curabitur blandit tempus porttitor.', 'http://en.wikipedia.org/wiki/Tilia_cordata', 'Stefan Wernli, CC-BY-SA-2.5, via Wikimedia Commons', 'http://commons.wikimedia.org/wiki/File:Linde_von_linn.jpg', 2, 'on'), (3, '{staticroot}images/features/cherry_tree_blossoms.jpg', '333366', 'Prunus Serrulata', 'Prunus serrulata or Japanese Cherry; also called Hill Cherry, Oriental Cherry or East Asian Cherry, is a species of cherry native to Japan, Korea and China. It is known for its spring cherry blossom displays and festivals.', 'http://en.wikipedia.org/wiki/Prunus_serrulata', 'Agricultural Research Service, Public Domain', 'http://commons.wikimedia.org/wiki/File:Cherry_tree_blossoms.jpg', 3, 'on');

CREATE TABLE `sample_glossary` (`id` int(11) unsigned NOT NULL AUTO_INCREMENT, `term` varchar(255) NOT NULL DEFAULT '', `route` varchar(255) NOT NULL DEFAULT '', `description` text NOT NULL, `approved` char(2) NOT NULL DEFAULT '', PRIMARY KEY (`id`), KEY `route` (`route`), KEY `approved` (`approved`)) ENGINE=InnoDB DEFAULT CHARSET=utf8 COLLATE=utf8_general_ci;
INSERT INTO `sample_glossary` (`id`, `term`, `route`, `description`, `approved`) VALUES (1, 'acid', 'acid', 'pH - acidity or alkalinity ranging from 3 (strongly acid) to 11 (strongly alkaline) with 7 being neutral.', 'on'), (2, 'alkaline', 'alkaline', 'pH - acidity or alkalinity ranging from 3 (strongly acid) to 11 (strongly alkaline) with 7 being neutral.', 'on'), (3, 'alleopathy', 'alleopathy', 'The suppression of growth of one plant species by another due to the release of toxic substances.', 'on'), (4, 'anthracnose', 'anthracnose', 'A group of fungi that cause dieback and sometimes death to various species, such as dogwoods, sycamores, oaks, and maples.', 'on'), (5, 'alternate', 'alternate', 'Leaves that are staggered, not placed directly across from each other on the twig.', 'on'), (6, 'blade', 'blade', 'The flat part of a leaf or leaflet, characteristic of broadleaf trees.', 'on'), (7, 'bract', 'bract', 'A modified leaf that bears a flower.', 'on'), (8, 'broadleaf', 'broadleaf', 'A tree with leaves that are flat and thin, and generally shed annually.', 'on'), (9, 'bud scar', 'bud scar', 'the marks remaining after bud scales drop in the spring.', 'on'), (10, 'clingstone', 'clingstone', 'any of various stone fruits (as some peaches or plums) with flesh that adheres strongly to the pit.', 'on'), (11, 'compound leaf', 'compound-leaf', 'a leaf with more than one blade. All blades are attached to a single leafstem. Where the leafstem attaches to the twig, there is a bud.', 'on'), (12, 'conifer', 'conifer', 'A cone-bearing tree.', 'on'), (13, 'cross-pollination', 'cross-pollination', 'fertilization between genetically compatible trees for better fruit, often resulting in superior offspring.', 'on'), (14, 'crown', 'crown', 'The head of foliage of a tree or shrub -- this is the form or shape of the tree.', 'on'), (15, 'deciduous', 'deciduous', 'Shedding all leaves annually.', 'on'), (16, 'entire', 'entire', 'A leaf margin with smooth, untoothed edges.', 'on'), (17, 'evergreen', 'evergreen', 'Trees with needles or leaves that remain alive and on the tree through the winter and into the next growing season.', 'on'), (18, 'exfoliate', 'exfoliate', 'peeling in shreds or thin layers, as bark from a tree.', 'on'), (19, 'freestone', 'freestone', 'A fruit stone to which the flesh does not cling.', 'on'), (20, 'habit', 'habit', 'The general mode of plant growth. Used to describe the overall shape of a tree.', 'on'), (21, 'hardiness zone', 'hardiness-zone', 'A plant can be expected to grow in the zone\'s temperature extremes, as determined by the lowest annual temperature. Other conditions such as moisture, soil, and wind might affect the availability of individual plants.', 'on'), (22, 'knees', 'knees', 'The tree trunk in wet conditions exhibits a broad buttress with protrusions from the roots.', 'on'), (23, 'leaf scar', 'leaf scar', 'The mark left on the twig where the leaf was previously attached.', 'on'), (24, 'lobes', 'lobes', 'Projections that shape a leaf.', 'on'), (25, 'margin', 'margin', 'The edge of a leaf.', 'on'), (26, 'midrib', 'midrib', 'The primary rib or central vein of a leaf.', 'on'), (27, 'native', 'native', 'Inherent and original to a geographic area.', 'on'), (28, 'opposite', 'opposite', 'Two or three leaves that are directly across from each other on the same twig.', 'on'), (29, 'palmate', 'palmate', 'Blades or lobes or veins of the leaf arranged like fingers on the palm of a hand.', 'on'), (30, 'persistent', 'persistent', 'Deciduous leaf blades that remain on the tree for more than a year.', 'on'), (31, 'petiole', 'petiole', 'The leafstalk that connects the blade(s) to the twig.', 'on'), (32, 'phytoremediation', 'phytoremediation', 'The use of trees to take up chemicals, binding some of the material in an inert form with the tree, and converting some of it to other substances, possibly even breaking it down into the normal end product of a tree\'s chemical processes.', 'on'), (33, 'pinnate', 'pinnate', 'Blades of lobes or veins of the leaf arranged like vanes of a feather.', 'on'), (34, 'pistil', 'pistil', 'The seed-bearing organ of the flower. The pistil consists of an ovary, stigma, and style when present.', 'on'), (35, 'pollination', 'pollination', 'To transfer pollen from the anther of a stamen to the stigma of a pistil, resulting in fertilization. This can occur either on a single plant (self-pollination) or between different plants. Insect pollination and wind pollination are two examples of natural pollination.', 'on'), (36, 'reforestation', 'reforestation', 'The planting of forested land that has been lost due to fire, logging, drought, pests, or disease to restore beauty to the landscape, provide food and habitat for wildlife, and for recreational activities.', 'on'), (37, 'riparian zone', 'riparian zone', 'an area of ecological transition between the aquatic zone and the upland zone.', 'on'), (38, 'rootstock', 'rootstock', 'The root upon which the scion is grafted.', 'on'), (39, 'samara', 'samara', 'Winged fruit.', 'on'), (40, 'scion', 'scion', 'The part of the tree that is grafted or budded to rootstock.', 'on'), (41, 'self-fertile / self-pollinating', 'self-fertile---self-pollinating', 'Fertile by means of its own pollen; this makes it theoretically possible for both pollen and ovules to unite and produce fruit without a second tree being present.', 'on'), (42, 'simple leaf', 'simple-leaf', 'A single leaf blade with a bud at the base of the leafstem.', 'on'), (43, 'sinus', 'sinus', 'Indentation between lobes on a leaf.', 'on'), (44, 'specimen tree', 'specimen-tree', 'A tree placed so people can gain the greatest enjoyment for the color, texture, scent, or other pleasures it provides.', 'on'), (45, 'spurs', 'spurs', 'Stubby, often sharp twigs.', 'on'), (46, 'teeth', 'teeth', 'Notches on the outer edge of a leaf.', 'on'), (47, 'triploid', 'triploid', 'Having three sets of chromosomes rather than the usual two. As a result, the pollen is sterile.', 'on'), (48, 'xeriscape', 'xeriscape', 'Saving water while maintaining trees and other plants in the landscape.', 'on');